attribute_id,pixID,attribute,value_id,value,DefaultValue,SiteFlowAttribute,SiteFlowVal
1,PIXATT.001,paper,820,woodfree_80,woodfree_80,paper,woodfree_80
1,PIXATT.001,paper,822,chromo_matte_300,chromo_matte_300,substrate,matte
1,PIXATT.001,paper,822,chromo_matte_300,chromo_matte_300,substrateWeight,300
1,PIXATT.001,paper,823,chromo_glossy_300,chromo_matte_300,paper,chromo_glossy_300
1,PIXATT.001,paper,824,chromo_matte_220,chromo_matte_300,paper,chromo_matte_220
1,PIXATT.001,paper,825,chromo_glossy_220,chromo_matte_300,paper,chromo_glossy_220
1,PIXATT.001,paper,826,chromo_matte_170,chromo_matte_135,paper,chromo_matte_170
1,PIXATT.001,paper,827,chromo_glossy_170,chromo_matte_135,paper,chromo_glossy_170
1,PIXATT.001,paper,828,chromo_matte_135,chromo_matte_135,paper,chromo_matte_135
1,PIXATT.001,paper,829,chromo_glossy_135,chromo_matte_135,paper,chromo_glossy_135
1,PIXATT.001,paper,833,twill_250,chromo_matte_300,paper,twill_250
1,PIXATT.001,paper,847,kappa_10,kappa_10,paper,kappa_10
1,PIXATT.001,paper,923,poster_170,poster_170,paper,poster_170
1,PIXATT.001,paper,991,ecological,chromo_matte_300,paper,ecological
1,PIXATT.001,paper,1333,chromo_matte_350,chromo_matte_350,paper,chromo_matte_350
1,PIXATT.001,paper,1386,felix_schoeller_220g,felix_schoeller_220g,paper,felix_schoeller_220g
1,PIXATT.001,paper,1389,majestic_white_300,chromo_matte_350,paper,majestic_white_300
1,PIXATT.001,paper,1461,sticker_polypropylene,sticker_polypropylene,paper,sticker_polypropylene
1,PIXATT.001,paper,1462,sticker_paper,sticker_polypropylene,paper,sticker_paper
1,PIXATT.001,paper,1525,chromo_matte_250g,chromo_matte_250g,paper,chromo_matte_250g
2,PIXATT.002,format,765,front_small,front_small,format,front_small
2,PIXATT.002,format,834,horizontal,horizontal,format,horizontal
2,PIXATT.002,format,835,vertical,horizontal,format,vertical
2,PIXATT.002,format,852,front_big,front_small,format,front_big
2,PIXATT.002,format,853,front_small_back,front_small,format,front_small_back
2,PIXATT.002,format,854,front_big_back,front_small,format,front_big_back
2,PIXATT.002,format,855,back,front_small,format,back
2,PIXATT.002,format,929,square,horizontal,format,square
2,PIXATT.002,format,1580,roll_sticker_circle,roll_sticker_circle,format,roll_sticker_circle
2,PIXATT.002,format,1581,roll_sticker_rectangle,roll_sticker_circle,format,roll_sticker_rectangle
2,PIXATT.002,format,1582,roll_sticker_ellipse,roll_sticker_circle,format,roll_sticker_ellipse
2,PIXATT.002,format,1583,roll_sticker_square,roll_sticker_circle,format,roll_sticker_square
2,PIXATT.002,format,1584,roll_sticker_hexagon,roll_sticker_circle,format,roll_sticker_hexagon
2,PIXATT.002,format,1585,roll_sticker_label,roll_sticker_circle,format,roll_sticker_label
2,PIXATT.002,format,1608,star,roll_sticker_circle,format,star
3,PIXATT.003,pages,976,calendar_14,calendar_14,pages,calendar_14
3,PIXATT.003,pages,1054,notebook_pages_40,notebook_pages_40,pages,notebook_pages_40
3,PIXATT.003,pages,1056,notebook_pages_80,notebook_pages_40,pages,notebook_pages_80
3,PIXATT.003,pages,1057,notebook_spiral_pages_40,notebook_spiral_pages_40,pages,notebook_spiral_pages_40
3,PIXATT.003,pages,1058,notebook_spiral_pages_80,notebook_spiral_pages_40,pages,notebook_spiral_pages_80
3,PIXATT.003,pages,1531,booklets_12,booklets_12,pages,booklets_12
3,PIXATT.003,pages,1532,booklets_16,booklets_12,pages,booklets_16
3,PIXATT.003,pages,1533,booklets_20,booklets_12,pages,booklets_20
3,PIXATT.003,pages,1534,booklets_24,booklets_12,pages,booklets_24
3,PIXATT.003,pages,1535,booklets_28,booklets_12,pages,booklets_28
3,PIXATT.003,pages,1536,booklets_32,booklets_12,pages,booklets_32
3,PIXATT.003,pages,1537,booklets_36,booklets_12,pages,booklets_36
3,PIXATT.003,pages,1538,booklets_40,booklets_12,pages,booklets_40
3,PIXATT.003,pages,1539,booklets_44,booklets_12,pages,booklets_44
4,PIXATT.004,colors,794,print_color_black,print_color_black,colors,print_color_black
4,PIXATT.004,colors,795,print_color_silver,print_color_black,colors,print_color_silver
4,PIXATT.004,colors,796,print_color_white,print_color_black,colors,print_color_white
4,PIXATT.004,colors,1400,print_color_colorful,print_color_colorful,colors,print_color_colorful
5,PIXATT.005,pattern_inner_pages,1061,notebook_inner_blank,notebook_inner_lines,pattern_inner_pages,notebook_inner_blank
5,PIXATT.005,pattern_inner_pages,1062,notebook_inner_lines,notebook_inner_lines,pattern_inner_pages,notebook_inner_lines
5,PIXATT.005,pattern_inner_pages,1063,notebook_inner_grid,notebook_inner_lines,pattern_inner_pages,notebook_inner_grid
6,PIXATT.006,lamination,842,lamination_1side_matte,lamination_1side_matte,lamination,lamination_1side_matte
6,PIXATT.006,lamination,843,lamination_2sides_matte,lamination_2sides_matte,lamination,lamination_2sides_matte
6,PIXATT.006,lamination,844,lamination_1side_glossy,lamination_1side_matte,lamination,lamination_1side_glossy
6,PIXATT.006,lamination,845,lamination_2sides_glossy,lamination_2sides_matte,lamination,lamination_2sides_glossy
6,PIXATT.006,lamination,933,lamination_no,lamination_2sides_matte,lamination,lamination_no
6,PIXATT.006,lamination,1026,lamination_2sides_premium,lamination_2sides_matte,lamination,lamination_2sides_premium
7,PIXATT.007,round_corners,804,round_corners_yes,round_corners_yes,round_corners,round_corners_yes
7,PIXATT.007,round_corners,805,round_corners_no,round_corners_yes,round_corners,round_corners_no
13,PIXATT.013,production_time,754,budget,budget,production_time,budget
13,PIXATT.013,production_time,755,standard,budget,production_time,standard
13,PIXATT.013,production_time,756,express,budget,production_time,express
13,PIXATT.013,production_time,1134,industrial,budget,production_time,industrial
13,PIXATT.013,production_time,1548,vocational,industrial,production_time,vocational
14,PIXATT.014,size,760,envelope_11x23,envelope_11x23,size,envelope_11x23
14,PIXATT.014,size,761,envelope_16x23_7,envelope_11x23,size,envelope_16x23_7
14,PIXATT.014,size,817,a4,a4,size,a4
14,PIXATT.014,size,818,a5,a5,size,a5
14,PIXATT.014,size,836,business_card_85x55,business_card_90x50,size,business_card_85x55
14,PIXATT.014,size,837,business_card_90x50,business_card_90x50,size,business_card_90x50
14,PIXATT.014,size,838,poster_100_70,poster_a4,size,poster_100_70
14,PIXATT.014,size,839,poster_70_50,poster_a4,size,poster_70_50
14,PIXATT.014,size,840,poster_80_60,poster_a4,size,poster_80_60
14,PIXATT.014,size,875,envelope_23x33_5,envelope_11x23,size,envelope_23x33_5
14,PIXATT.014,size,876,rollup_85x200,rollup_85x200,size,rollup_85x200
14,PIXATT.014,size,877,rollup_85x100,rollup_85x200,size,rollup_85x100
14,PIXATT.014,size,878,rollup_150x200,rollup_85x200,size,rollup_150x200
14,PIXATT.014,size,888,rollup_a4,rollup_85x200,size,rollup_a4
14,PIXATT.014,size,889,rollup_a3,rollup_85x200,size,rollup_a3
14,PIXATT.014,size,890,postcard_10x15,postcard_10x15,size,postcard_10x15
14,PIXATT.014,size,894,memo_10x10,memo_10x10,size,memo_10x10
14,PIXATT.014,size,911,folder_460x320,folder_460x320,size,folder_460x320
14,PIXATT.014,size,916,a4_folded,a4_folded,size,a4_folded
14,PIXATT.014,size,917,a5_folded,a4_folded,size,a5_folded
14,PIXATT.014,size,918,beermat_square_9x9,beermat_square_9x9,size,beermat_square_9x9
14,PIXATT.014,size,919,beermat_circle_9,beermat_square_9x9,size,beermat_circle_9
14,PIXATT.014,size,920,door_hanger_100x270,door_hanger_100x270,size,door_hanger_100x270
14,PIXATT.014,size,921,door_hanger_125x300,door_hanger_100x270,size,door_hanger_125x300
14,PIXATT.014,size,922,door_hanger_120x400,door_hanger_100x270,size,door_hanger_120x400
14,PIXATT.014,size,924,sticker_circle_3,sticker_circle_3,size,sticker_circle_3
14,PIXATT.014,size,925,sticker_circle_5,sticker_circle_3,size,sticker_circle_5
14,PIXATT.014,size,926,sticker_square_5,sticker_circle_3,size,sticker_square_5
14,PIXATT.014,size,927,art_print_30x30,art_print_30x30,size,art_print_30x30
14,PIXATT.014,size,928,art_print_40x40,art_print_30x30,size,art_print_40x40
14,PIXATT.014,size,931,a4_hor_with_bleed,a4_hor_with_bleed,size,a4_hor_with_bleed
14,PIXATT.014,size,932,a5_hor_with_bleed,a5_hor_with_bleed,size,a5_hor_with_bleed
14,PIXATT.014,size,936,art_print_a4,art_print_30x30,size,art_print_a4
14,PIXATT.014,size,937,art_print_a3,art_print_30x30,size,art_print_a3
14,PIXATT.014,size,938,art_print_50x70,art_print_30x30,size,art_print_50x70
14,PIXATT.014,size,939,art_print_60x80,art_print_30x30,size,art_print_60x80
14,PIXATT.014,size,940,art_print_70x100,art_print_30x30,size,art_print_70x100
14,PIXATT.014,size,941,poster_a4,poster_a4,size,poster_a4
14,PIXATT.014,size,942,poster_a3,poster_a4,size,poster_a3
14,PIXATT.014,size,943,block_size_a4,block_size_a4,size,block_size_a4
14,PIXATT.014,size,944,block_size_a3,block_size_a4,size,block_size_a3
14,PIXATT.014,size,945,a3_ver_with_bleed,a3_ver_with_bleed,size,a3_ver_with_bleed
14,PIXATT.014,size,962,towel_10x10,towel_10x10,size,towel_10x10
14,PIXATT.014,size,970,hat_8x8,hat_8x8,size,hat_8x8
14,PIXATT.014,size,981,a5_with_bleed,a5_with_bleed,size,a5_with_bleed
14,PIXATT.014,size,982,a4_with_bleed,a5_with_bleed,size,a4_with_bleed
14,PIXATT.014,size,983,banner_100x50,banner_100x50,size,banner_100x50
14,PIXATT.014,size,984,banner_150x100,banner_100x50,size,banner_150x100
14,PIXATT.014,size,986,banner_200x200,banner_100x50,size,banner_200x200
14,PIXATT.014,size,987,banner_300x50,banner_100x50,size,banner_300x50
14,PIXATT.014,size,988,banner_300x200,banner_100x50,size,banner_300x200
14,PIXATT.014,size,989,banner_400x300,banner_100x50,size,banner_400x300
14,PIXATT.014,size,990,business_card_65x65,business_card_90x50,size,business_card_65x65
14,PIXATT.014,size,992,pen_45x10,pen_45x10,size,pen_45x10
14,PIXATT.014,size,993,candy_42x42,candy_42x42,size,candy_42x42
14,PIXATT.014,size,994,folded_postcard_20x15,folded_postcard_20x15,size,folded_postcard_20x15
14,PIXATT.014,size,995,magnet_5x5,magnet_5x5,size,magnet_5x5
14,PIXATT.014,size,996,magnet_9x5,magnet_5x5,size,magnet_9x5
14,PIXATT.014,size,997,magnet_10x10,magnet_5x5,size,magnet_10x10
14,PIXATT.014,size,998,magnet_10x15,magnet_5x5,size,magnet_10x15
14,PIXATT.014,size,999,magnet_a5,magnet_5x5,size,magnet_a5
14,PIXATT.014,size,1046,notebook_pin_a5,notebook_pin_a5,size,notebook_pin_a5
14,PIXATT.014,size,1047,notebook_pin_a4,notebook_pin_a5,size,notebook_pin_a4
14,PIXATT.014,size,1048,notebook_glue_40_a5,notebook_glue_40_a5,size,notebook_glue_40_a5
14,PIXATT.014,size,1049,notebook_glue_40_a4,notebook_glue_40_a5,size,notebook_glue_40_a4
14,PIXATT.014,size,1050,notebook_glue_80_a5,notebook_glue_40_a5,size,notebook_glue_80_a5
14,PIXATT.014,size,1051,notebook_glue_80_a4,notebook_glue_40_a5,size,notebook_glue_80_a4
14,PIXATT.014,size,1052,notebook_spiral_a5,notebook_spiral_a5,size,notebook_spiral_a5
14,PIXATT.014,size,1053,notebook_spiral_a4,notebook_spiral_a5,size,notebook_spiral_a4
14,PIXATT.014,size,1064,block_size_a5_v,block_size_a5_v,size,block_size_a5_v
14,PIXATT.014,size,1065,block_size_a4_v,block_size_a5_v,size,block_size_a4_v
14,PIXATT.014,size,1066,nylon_bag_20x18,nylon_bag_20x18,size,nylon_bag_20x18
14,PIXATT.014,size,1067,mug_5x5,mug_5x5,size,mug_5x5
14,PIXATT.014,size,1068,neck_pillow_8.5x4,neck_pillow_8.5x4,size,neck_pillow_8.5x4
14,PIXATT.014,size,1069,headphones_5x5,headphones_5x5,size,headphones_5x5
14,PIXATT.014,size,1070,cellphone_sticky_pocket_4x5,cellphone_sticky_pocket_4x5,size,cellphone_sticky_pocket_4x5
14,PIXATT.014,size,1071,metal_pen_4x0.8,metal_pen_4x0.8,size,metal_pen_4x0.8
14,PIXATT.014,size,1072,decorated_pen_4x0.8,decorated_pen_4x0.8,size,decorated_pen_4x0.8
14,PIXATT.014,size,1073,work_tag_1.9x1.9,work_tag_1.9x1.9,size,work_tag_1.9x1.9
14,PIXATT.014,size,1074,backpack_9x10,backpack_9x10,size,backpack_9x10
14,PIXATT.014,size,1075,notebook_hardcover_9.5x10,notebook_hardcover_9.5x10,size,notebook_hardcover_9.5x10
14,PIXATT.014,size,1076,pocket_mirror_4.5x4.5,pocket_mirror_4.5x4.5,size,pocket_mirror_4.5x4.5
14,PIXATT.014,size,1077,bottle_opener_4x0.9,bottle_opener_4x0.9,size,bottle_opener_4x0.9
14,PIXATT.014,size,1078,sport_towel_3x5,sport_towel_3x5,size,sport_towel_3x5
14,PIXATT.014,size,1079,steel_bottle_3x8,steel_bottle_3x8,size,steel_bottle_3x8
14,PIXATT.014,size,1080,plastic_bottle_4x7,plastic_bottle_4x7,size,plastic_bottle_4x7
14,PIXATT.014,size,1081,plastic_straw_cup_4x7,plastic_straw_cup_4x7,size,plastic_straw_cup_4x7
14,PIXATT.014,size,1082,thermal_mug_3.5x4,thermal_mug_3.5x4,size,thermal_mug_3.5x4
14,PIXATT.014,size,1083,reflective_ruler_12x2,reflective_ruler_12x2,size,reflective_ruler_12x2
14,PIXATT.014,size,1084,passport_cover_5x8,passport_cover_5x8,size,passport_cover_5x8
14,PIXATT.014,size,1085,luggage_tag_6x3,luggage_tag_6x3,size,luggage_tag_6x3
14,PIXATT.014,size,1136,shirt_a4,shirt_9x9,size,shirt_a4
14,PIXATT.014,size,1137,shirt_9x9,shirt_9x9,size,shirt_9x9
14,PIXATT.014,size,1151,beach_towel_6x6,beach_towel_6x6,size,beach_towel_6x6
14,PIXATT.014,size,1155,led_desk_lamp_6x3,led_desk_lamp_6x3,size,led_desk_lamp_6x3
14,PIXATT.014,size,1157,frisbee_circle_10x10,frisbee_circle_10x10,size,frisbee_circle_10x10
14,PIXATT.014,size,1160,hand_fan_9x1.3,hand_fan_9x1.3,size,hand_fan_9x1.3
14,PIXATT.014,size,1164,large_backpack_15x8,large_backpack_15x8,size,large_backpack_15x8
14,PIXATT.014,size,1202,matkot_circle_13x13,matkot_circle_13x13,size,matkot_circle_13x13
14,PIXATT.014,size,1203,beach_tent,beach_tent,size,beach_tent
14,PIXATT.014,size,1204,silicon_ring_bottle_5x4,silicon_ring_bottle_5x4,size,silicon_ring_bottle_5x4
14,PIXATT.014,size,1205,plastic_bubble_cup_10x5,plastic_bubble_cup_10x5,size,plastic_bubble_cup_10x5
14,PIXATT.014,size,1206,cellphone_battery,cellphone_battery,size,cellphone_battery
14,PIXATT.014,size,1207,neck_fan,neck_fan,size,neck_fan
14,PIXATT.014,size,1208,personal_cooler_40x65,personal_cooler_40x65,size,personal_cooler_40x65
14,PIXATT.014,size,1209,bath_speaker_13x20,bath_speaker_13x20,size,bath_speaker_13x20
14,PIXATT.014,size,1210,keychain_led_light_15x45,keychain_led_light_15x45,size,keychain_led_light_15x45
14,PIXATT.014,size,1211,memo_holder_35x70,memo_holder_35x70,size,memo_holder_35x70
14,PIXATT.014,size,1212,velvet_pen_8x40,velvet_pen_8x40,size,velvet_pen_8x40
14,PIXATT.014,size,1217,paper_cup_20.5x9.3,paper_cup_20.5x9.3,size,paper_cup_20.5x9.3
14,PIXATT.014,size,1218,wine_bottle_90x105,wine_bottle_90x105,size,wine_bottle_90x105
14,PIXATT.014,size,1255,hardcover_printed_notebook_a4,hardcover_printed_notebook_a5,size,hardcover_printed_notebook_a4
14,PIXATT.014,size,1256,hardcover_printed_notebook_a5,hardcover_printed_notebook_a5,size,hardcover_printed_notebook_a5
14,PIXATT.014,size,1287,baseball_cap_110x55,baseball_cap_110x55,size,baseball_cap_110x55
14,PIXATT.014,size,1297,trucker_cap_110x70,trucker_cap_110x70,size,trucker_cap_110x70
14,PIXATT.014,size,1311,bucket_hat_80x50,bucket_hat_80x50,size,bucket_hat_80x50
14,PIXATT.014,size,1325,block_size_a6_v,block_size_a5_v,size,block_size_a6_v
14,PIXATT.014,size,1334,brochure_a4,brochure_a4,size,brochure_a4
14,PIXATT.014,size,1335,brochure_a3_folded,brochure_a3_folded,size,brochure_a3_folded
14,PIXATT.014,size,1336,shape_cut_5x5,shape_cut_5x5,size,shape_cut_5x5
14,PIXATT.014,size,1337,shape_cut_10x10,shape_cut_5x5,size,shape_cut_10x10
14,PIXATT.014,size,1338,shape_cut_15x15,shape_cut_5x5,size,shape_cut_15x15
14,PIXATT.014,size,1339,plotter_cutting_55x100,plotter_cutting_a4,size,plotter_cutting_55x100
14,PIXATT.014,size,1340,plotter_cutting_a3,plotter_cutting_a4,size,plotter_cutting_a3
14,PIXATT.014,size,1341,plotter_cutting_a4,plotter_cutting_a4,size,plotter_cutting_a4
14,PIXATT.014,size,1342,vinyl_letters_a3,vinyl_letters_a4,size,vinyl_letters_a3
14,PIXATT.014,size,1343,vinyl_letters_a4,vinyl_letters_a4,size,vinyl_letters_a4
14,PIXATT.014,size,1344,car_sticker_a3,car_sticker_a3,size,car_sticker_a3
14,PIXATT.014,size,1345,sticker_rectangle_10x5,sticker_circle_3,size,sticker_rectangle_10x5
14,PIXATT.014,size,1346,sticker_rectangle_16x6,sticker_circle_3,size,sticker_rectangle_16x6
14,PIXATT.014,size,1347,sticker_rectangle_24x6,sticker_circle_3,size,sticker_rectangle_24x6
14,PIXATT.014,size,1348,sticker_ellipse_10x5,sticker_circle_3,size,sticker_ellipse_10x5
14,PIXATT.014,size,1349,sticker_hexagon_5x5,sticker_circle_3,size,sticker_hexagon_5x5
14,PIXATT.014,size,1350,sticker_label_7x5,sticker_circle_3,size,sticker_label_7x5
14,PIXATT.014,size,1351,sticker_star_5x5,sticker_circle_3,size,sticker_star_5x5
14,PIXATT.014,size,1352,canvas_20x30,canvas_20x30,size,canvas_20x30
14,PIXATT.014,size,1353,canvas_30x45,canvas_20x30,size,canvas_30x45
14,PIXATT.014,size,1355,canvas_50x70,canvas_20x30,size,canvas_50x70
14,PIXATT.014,size,1356,canvas_60x80,canvas_20x30,size,canvas_60x80
14,PIXATT.014,size,1357,canvas_70x100,canvas_20x30,size,canvas_70x100
14,PIXATT.014,size,1358,canvas_30x30,canvas_20x30,size,canvas_30x30
14,PIXATT.014,size,1359,canvas_40x40,canvas_20x30,size,canvas_40x40
14,PIXATT.014,size,1365,softshell_jacket_8x8,softshell_jacket_8x8,size,softshell_jacket_8x8
14,PIXATT.014,size,1366,kappa_poster_a4,kappa_poster_a4,size,kappa_poster_a4
14,PIXATT.014,size,1367,kappa_poster_a3,kappa_poster_a4,size,kappa_poster_a3
14,PIXATT.014,size,1368,kappa_poster_50x70,kappa_poster_a4,size,kappa_poster_50x70
14,PIXATT.014,size,1369,kappa_poster_60x80,kappa_poster_a4,size,kappa_poster_60x80
14,PIXATT.014,size,1370,kappa_poster_70x100,kappa_poster_a4,size,kappa_poster_70x100
14,PIXATT.014,size,1371,kappa_poater_30x30,kappa_poster_a4,size,kappa_poater_30x30
14,PIXATT.014,size,1372,kappa_poster_40x40,kappa_poster_a4,size,kappa_poster_40x40
14,PIXATT.014,size,1373,wireless_headphones_45x50,wireless_headphones_45x50,size,wireless_headphones_45x50
14,PIXATT.014,size,1374,cotton_string_backpack_200x200,cotton_string_backpack_200x200,size,cotton_string_backpack_200x200
14,PIXATT.014,size,1375,cotton_bag_210x297,cotton_bag_210x297,size,cotton_bag_210x297
14,PIXATT.014,size,1376,shopping_bag_210x297,shopping_bag_210x297,size,shopping_bag_210x297
14,PIXATT.014,size,1377,premium_steel_bottle_50x50,premium_steel_bottle_50x50,size,premium_steel_bottle_50x50
14,PIXATT.014,size,1378,personal_fitness_kit_40x35,personal_fitness_kit_40x35,size,personal_fitness_kit_40x35
14,PIXATT.014,size,1379,premium_plastic_bottle_50x70,premium_plastic_bottle_50x70,size,premium_plastic_bottle_50x70
14,PIXATT.014,size,1380,kitchen_apron_210x148,kitchen_apron_210x148,size,kitchen_apron_210x148
14,PIXATT.014,size,1381,bathrobe_210x297,bathrobe_210x297,size,bathrobe_210x297
14,PIXATT.014,size,1382,bluetooth_headphones_30x23,bluetooth_headphones_30x23,size,bluetooth_headphones_30x23
14,PIXATT.014,size,1383,conference_tag_60x20,conference_tag_60x20,size,conference_tag_60x20
14,PIXATT.014,size,1384,coasters_90x90,coasters_90x90,size,coasters_90x90
14,PIXATT.014,size,1387,event_invitations_12x18,event_invitations_12x18,size,event_invitations_12x18
14,PIXATT.014,size,1388,event_invitations_15x15,event_invitations_12x18,size,event_invitations_15x15
14,PIXATT.014,size,1409,floor_sticker_400x400,floor_sticker_400x400,size,floor_sticker_400x400
14,PIXATT.014,size,1412,alcogel_45x60,alcogel_45x60,size,alcogel_45x60
14,PIXATT.014,size,1413,paper_bag_130x130,paper_bag_130x130,size,paper_bag_130x130
14,PIXATT.014,size,1414,paper_bag_150x160,paper_bag_130x130,size,paper_bag_150x160
14,PIXATT.014,size,1415,paper_bag_180x210,paper_bag_130x130,size,paper_bag_180x210
14,PIXATT.014,size,1416,paper_bag_280x280,paper_bag_130x130,size,paper_bag_280x280
14,PIXATT.014,size,1422,branded_candies_55x77,branded_candies_55x77,size,branded_candies_55x77
14,PIXATT.014,size,1423,biscuit_100x96,biscuit_100x96,size,biscuit_100x96
14,PIXATT.014,size,1424,pyramids_with_chocolate_45x45,pyramids_with_chocolate_45x45,size,pyramids_with_chocolate_45x45
14,PIXATT.014,size,1426,candy_in_personalized_box_40x40,candy_in_personalized_box_40x40,size,candy_in_personalized_box_40x40
14,PIXATT.014,size,1427,keychain_with_candies_58x32,keychain_with_candies_58x32,size,keychain_with_candies_58x32
14,PIXATT.014,size,1428,cylinder_with_mantus_46x78,cylinder_with_mantus_46x78,size,cylinder_with_mantus_46x78
14,PIXATT.014,size,1430,candy_roll_50x42,candy_roll_50x42,size,candy_roll_50x42
14,PIXATT.014,size,1448,candy_in_metal_box_60x49,candy_in_metal_box_60x49,size,candy_in_metal_box_60x49
14,PIXATT.014,size,1449,can_filled_with_candy_202x42,can_filled_with_candy_202x42,size,can_filled_with_candy_202x42
14,PIXATT.014,size,1450,can_filled_with_nuts_202x42,can_filled_with_nuts_202x42,size,can_filled_with_nuts_202x42
14,PIXATT.014,size,1451,sticker_roll_cir_4x4,sticker_roll_cir_3x3,size,sticker_roll_cir_4x4
14,PIXATT.014,size,1452,sticker_roll_cir_6x6,sticker_roll_cir_3x3,size,sticker_roll_cir_6x6
14,PIXATT.014,size,1453,sticker_roll_cir_9x9,sticker_roll_cir_3x3,size,sticker_roll_cir_9x9
14,PIXATT.014,size,1454,sticker_roll_squ_4x4,sticker_roll_cir_3x3,size,sticker_roll_squ_4x4
14,PIXATT.014,size,1455,sticker_roll_squ_6x6,sticker_roll_cir_3x3,size,sticker_roll_squ_6x6
14,PIXATT.014,size,1456,sticker_roll_squ_9x9,sticker_roll_cir_3x3,size,sticker_roll_squ_9x9
14,PIXATT.014,size,1457,sticker_roll_rectangle_9x5,sticker_roll_cir_3x3,size,sticker_roll_rectangle_9x5
14,PIXATT.014,size,1459,sticker_roll_rectangle_18x6,sticker_roll_cir_3x3,size,sticker_roll_rectangle_18x6
14,PIXATT.014,size,1463,stamp_38x14,stamp_38x14,size,stamp_38x14
14,PIXATT.014,size,1464,stamp_47x18,stamp_38x14,size,stamp_47x18
14,PIXATT.014,size,1465,stamp_58x22,stamp_38x14,size,stamp_58x22
14,PIXATT.014,size,1468,hammock_80x80,hammock_80x80,size,hammock_80x80
14,PIXATT.014,size,1469,microfiber_towel_70x100,microfiber_towel_70x100,size,microfiber_towel_70x100
14,PIXATT.014,size,1470,food_cooler_80x100,food_cooler_80x100,size,food_cooler_80x100
14,PIXATT.014,size,1471,cooler_bag_100x60,cooler_bag_100x60,size,cooler_bag_100x60
14,PIXATT.014,size,1472,folding_cooler_120x60,folding_cooler_120x60,size,folding_cooler_120x60
14,PIXATT.014,size,1501,invoice_105_3x100,a5,size,invoice_105_3x100
14,PIXATT.014,size,1502,package_645x614,package_645x614,size,package_645x614
14,PIXATT.014,size,1503,package_854x876,package_645x614,size,package_854x876
14,PIXATT.014,size,1504,package_1125x868,package_645x614,size,package_1125x868
14,PIXATT.014,size,1505,mask_15x6,mask_15x6,size,mask_15x6
14,PIXATT.014,size,1511,notebook_spiral_hardcover_a5,notebook_spiral_hardcover_a5,size,notebook_spiral_hardcover_a5
14,PIXATT.014,size,1512,notebook_spiral_hardcover_a4,notebook_spiral_hardcover_a5,size,notebook_spiral_hardcover_a4
14,PIXATT.014,size,1519,folder_with_printed_pocket,folder_with_printed_pocket,size,folder_with_printed_pocket
14,PIXATT.014,size,1520,balloon_10x10,balloon_10x10,size,balloon_10x10
14,PIXATT.014,size,1521,usb_stick_25x11,usb_stick_25x11,size,usb_stick_25x11
14,PIXATT.014,size,1523,chocolate_coins_33x33,chocolate_coins_33x33,size,chocolate_coins_33x33
14,PIXATT.014,size,1524,umbrella_17x11,umbrella_17x11,size,umbrella_17x11
14,PIXATT.014,size,1540,instawall_kappa_70_50,instawall_kappa_70_50,size,instawall_kappa_70_50
14,PIXATT.014,size,1541,instawall_kappa_50_50,instawall_kappa_70_50,size,instawall_kappa_50_50
14,PIXATT.014,size,1543,blanke_a4,blanke_a4,size,blanke_a4
14,PIXATT.014,size,1544,zipper_hoodie_a4,zipper_hoodie_a4,size,zipper_hoodie_a4
14,PIXATT.014,size,1545,zipper_hoodie_9x9,zipper_hoodie_a4,size,zipper_hoodie_9x9
14,PIXATT.014,size,1546,neck_gaiter_9x9,neck_gaiter_9x9,size,neck_gaiter_9x9
14,PIXATT.014,size,1547,wool_cap_6x6,wool_cap_6x6,size,wool_cap_6x6
14,PIXATT.014,size,1553,stamp_round_41x41,stamp_38x14,size,stamp_round_41x41
14,PIXATT.014,size,1554,stamp_round_51x51,stamp_38x14,size,stamp_round_51x51
14,PIXATT.014,size,1555,stamp_round_20x20,stamp_38x14,size,stamp_round_20x20
14,PIXATT.014,size,1556,stamp_round_12x12,stamp_38x14,size,stamp_round_12x12
14,PIXATT.014,size,1557,wireless_charging_stand_50x50,wireless_charging_stand_50x50,size,wireless_charging_stand_50x50
14,PIXATT.014,size,1558,phone_and_tablet_stand_50x50,phone_and_tablet_stand_50x50,size,phone_and_tablet_stand_50x50
14,PIXATT.014,size,1560,sticker_roll_cir_3x3,sticker_roll_cir_3x3,size,sticker_roll_cir_3x3
14,PIXATT.014,size,1561,sticker_roll_cir_5x5,sticker_roll_cir_3x3,size,sticker_roll_cir_5x5
14,PIXATT.014,size,1562,sticker_roll_cir_7x7,sticker_roll_cir_3x3,size,sticker_roll_cir_7x7
14,PIXATT.014,size,1563,sticker_roll_cir_8x8,sticker_roll_cir_3x3,size,sticker_roll_cir_8x8
14,PIXATT.014,size,1564,sticker_roll_cir_10x10,sticker_roll_cir_3x3,size,sticker_roll_cir_10x10
14,PIXATT.014,size,1565,sticker_roll_cir_15x15,sticker_roll_cir_3x3,size,sticker_roll_cir_15x15
14,PIXATT.014,size,1567,sticker_roll_squ_3x3,sticker_roll_cir_3x3,size,sticker_roll_squ_3x3
14,PIXATT.014,size,1568,sticker_roll_squ_5x5,sticker_roll_cir_3x3,size,sticker_roll_squ_5x5
14,PIXATT.014,size,1569,sticker_roll_squ_7x7,sticker_roll_cir_3x3,size,sticker_roll_squ_7x7
14,PIXATT.014,size,1570,sticker_roll_squ_8x8,sticker_roll_cir_3x3,size,sticker_roll_squ_8x8
14,PIXATT.014,size,1571,sticker_roll_squ_10x10,sticker_roll_cir_3x3,size,sticker_roll_squ_10x10
14,PIXATT.014,size,1572,sticker_roll_squ_15x15,sticker_roll_cir_3x3,size,sticker_roll_squ_15x15
14,PIXATT.014,size,1573,sticker_roll_ellipse_6x3,sticker_roll_cir_3x3,size,sticker_roll_ellipse_6x3
14,PIXATT.014,size,1574,sticker_roll_ellipse_8x4,sticker_roll_cir_3x3,size,sticker_roll_ellipse_8x4
14,PIXATT.014,size,1575,sticker_roll_ellipse_15x10,sticker_roll_cir_3x3,size,sticker_roll_ellipse_15x10
14,PIXATT.014,size,1576,sticker_roll_hexagon_5x5,sticker_roll_cir_3x3,size,sticker_roll_hexagon_5x5
14,PIXATT.014,size,1577,sticker_roll_hexagon_7x7,sticker_roll_cir_3x3,size,sticker_roll_hexagon_7x7
14,PIXATT.014,size,1578,sticker_roll_label_3x5,sticker_roll_cir_3x3,size,sticker_roll_label_3x5
14,PIXATT.014,size,1579,sticker_roll_label_5x7,sticker_roll_cir_3x3,size,sticker_roll_label_5x7
14,PIXATT.014,size,1586,sticker_circle_4,sticker_circle_3,size,sticker_circle_4
14,PIXATT.014,size,1587,sticker_circle_6,sticker_circle_3,size,sticker_circle_6
14,PIXATT.014,size,1588,sticker_circle_7,sticker_circle_3,size,sticker_circle_7
14,PIXATT.014,size,1589,sticker_circle_8,sticker_circle_3,size,sticker_circle_8
14,PIXATT.014,size,1590,sticker_circle_9,sticker_circle_3,size,sticker_circle_9
14,PIXATT.014,size,1591,sticker_circle_10,sticker_circle_3,size,sticker_circle_10
14,PIXATT.014,size,1593,sticker_square_3,sticker_circle_3,size,sticker_square_3
14,PIXATT.014,size,1594,sticker_square_4,sticker_circle_3,size,sticker_square_4
14,PIXATT.014,size,1595,sticker_square_6,sticker_circle_3,size,sticker_square_6
14,PIXATT.014,size,1596,sticker_square_7,sticker_circle_3,size,sticker_square_7
14,PIXATT.014,size,1597,sticker_square_8,sticker_circle_3,size,sticker_square_8
14,PIXATT.014,size,1598,sticker_square_9,sticker_circle_3,size,sticker_square_9
14,PIXATT.014,size,1599,sticker_square_10,sticker_circle_3,size,sticker_square_10
14,PIXATT.014,size,1601,sticker_ellipse_6x3,sticker_circle_3,size,sticker_ellipse_6x3
14,PIXATT.014,size,1602,sticker_ellipse_8x4,sticker_circle_3,size,sticker_ellipse_8x4
14,PIXATT.014,size,1603,sticker_hexagon_7x7,sticker_circle_3,size,sticker_hexagon_7x7
14,PIXATT.014,size,1604,sticker_star_7x7,sticker_circle_3,size,sticker_star_7x7
14,PIXATT.014,size,1605,sticker_label_5x3,sticker_circle_3,size,sticker_label_5x3
14,PIXATT.014,size,1615,magnet_7x7,magnet_5x5,size,magnet_7x7
14,PIXATT.014,size,1616,magnet_15x15,magnet_5x5,size,magnet_15x15
14,PIXATT.014,size,1617,magnet_20x9,magnet_5x5,size,magnet_20x9
14,PIXATT.014,size,1618,magnet_a4,magnet_5x5,size,magnet_a4
14,PIXATT.014,size,1619,car_sticker_a4,car_sticker_a3,size,car_sticker_a4
15,PIXATT.015,product_color,797,shirt_dark_blue,shirt_dark_blue,product_color,shirt_dark_blue
15,PIXATT.015,product_color,798,shirt_red,shirt_dark_blue,product_color,shirt_red
15,PIXATT.015,product_color,799,towel_white,towel_white,product_color,towel_white
15,PIXATT.015,product_color,801,towel_green,towel_white,product_color,towel_green
15,PIXATT.015,product_color,808,pen_blue,pen_blue,product_color,pen_blue
15,PIXATT.015,product_color,809,pen_red,pen_blue,product_color,pen_red
15,PIXATT.015,product_color,810,pen_green,pen_blue,product_color,pen_green
15,PIXATT.015,product_color,862,pen_orange,pen_blue,product_color,pen_orange
15,PIXATT.015,product_color,863,pen_pink,pen_blue,product_color,pen_pink
15,PIXATT.015,product_color,864,pen_purple,pen_blue,product_color,pen_purple
15,PIXATT.015,product_color,865,pen_sky_blue,pen_blue,product_color,pen_sky_blue
15,PIXATT.015,product_color,866,pen_lime,pen_blue,product_color,pen_lime
15,PIXATT.015,product_color,867,pen_yellow,pen_blue,product_color,pen_yellow
15,PIXATT.015,product_color,879,shirt_black,shirt_dark_blue,product_color,shirt_black
15,PIXATT.015,product_color,880,shirt_green,shirt_dark_blue,product_color,shirt_green
15,PIXATT.015,product_color,881,shirt_grey,shirt_dark_blue,product_color,shirt_grey
15,PIXATT.015,product_color,882,shirt_orange,shirt_dark_blue,product_color,shirt_orange
15,PIXATT.015,product_color,883,shirt_purple,shirt_dark_blue,product_color,shirt_purple
15,PIXATT.015,product_color,884,shirt_white,shirt_dark_blue,product_color,shirt_white
15,PIXATT.015,product_color,885,shirt_yellow,shirt_dark_blue,product_color,shirt_yellow
15,PIXATT.015,product_color,886,pen_black,pen_blue,product_color,pen_black
15,PIXATT.015,product_color,887,pen_white,pen_blue,product_color,pen_white
15,PIXATT.015,product_color,895,candies_black,candies_black,product_color,candies_black
15,PIXATT.015,product_color,896,candies_blue,candies_black,product_color,candies_blue
15,PIXATT.015,product_color,897,candies_orange,candies_black,product_color,candies_orange
15,PIXATT.015,product_color,898,candies_pink,candies_black,product_color,candies_pink
15,PIXATT.015,product_color,899,candies_red,candies_black,product_color,candies_red
15,PIXATT.015,product_color,900,candies_silver,candies_black,product_color,candies_silver
15,PIXATT.015,product_color,901,candies_white,candies_black,product_color,candies_white
15,PIXATT.015,product_color,963,towel_purple,towel_white,product_color,towel_purple
15,PIXATT.015,product_color,964,towel_orange,towel_white,product_color,towel_orange
15,PIXATT.015,product_color,965,towel_bordeaux,towel_white,product_color,towel_bordeaux
15,PIXATT.015,product_color,966,towel_blue,towel_white,product_color,towel_blue
15,PIXATT.015,product_color,969,towel_azure,towel_white,product_color,towel_azure
15,PIXATT.015,product_color,971,hat_black,hat_black,product_color,hat_black
15,PIXATT.015,product_color,972,hat_white,hat_black,product_color,hat_white
15,PIXATT.015,product_color,973,hat_red,hat_black,product_color,hat_red
15,PIXATT.015,product_color,974,hat_blue,hat_black,product_color,hat_blue
15,PIXATT.015,product_color,975,hat_olive,hat_black,product_color,hat_olive
15,PIXATT.015,product_color,977,work_pants_white,work_pants_white,product_color,work_pants_white
15,PIXATT.015,product_color,978,work_pants_beige,work_pants_white,product_color,work_pants_beige
15,PIXATT.015,product_color,979,work_pants_blue,work_pants_white,product_color,work_pants_blue
15,PIXATT.015,product_color,980,work_pants_black,work_pants_white,product_color,work_pants_black
15,PIXATT.015,product_color,1000,sweatshirt_black,sweatshirt_black,product_color,sweatshirt_black
15,PIXATT.015,product_color,1001,sweatshirt_bordeaux,sweatshirt_black,product_color,sweatshirt_bordeaux
15,PIXATT.015,product_color,1002,sweatshirt_dark_blue,sweatshirt_black,product_color,sweatshirt_dark_blue
15,PIXATT.015,product_color,1003,sweatshirt_green,sweatshirt_black,product_color,sweatshirt_green
15,PIXATT.015,product_color,1004,sweatshirt_orange,sweatshirt_black,product_color,sweatshirt_orange
15,PIXATT.015,product_color,1005,sweatshirt_purple,sweatshirt_black,product_color,sweatshirt_purple
15,PIXATT.015,product_color,1006,sweatshirt_red,sweatshirt_black,product_color,sweatshirt_red
15,PIXATT.015,product_color,1007,sweatshirt_turquoise,sweatshirt_black,product_color,sweatshirt_turquoise
15,PIXATT.015,product_color,1008,sweatshirt_white,sweatshirt_black,product_color,sweatshirt_white
15,PIXATT.015,product_color,1009,dryfit_black,dryfit_black,product_color,dryfit_black
15,PIXATT.015,product_color,1010,dryfit_dark_blue,dryfit_black,product_color,dryfit_dark_blue
15,PIXATT.015,product_color,1011,dryfit_green,dryfit_black,product_color,dryfit_green
15,PIXATT.015,product_color,1012,dryfit_grey,dryfit_black,product_color,dryfit_grey
15,PIXATT.015,product_color,1013,dryfit_pink,dryfit_black,product_color,dryfit_pink
15,PIXATT.015,product_color,1014,dryfit_red,dryfit_black,product_color,dryfit_red
15,PIXATT.015,product_color,1015,dryfit_sky_blue,dryfit_black,product_color,dryfit_sky_blue
15,PIXATT.015,product_color,1016,dryfit_white,dryfit_black,product_color,dryfit_white
15,PIXATT.015,product_color,1017,dryfit_yellow,dryfit_black,product_color,dryfit_yellow
15,PIXATT.015,product_color,1018,reusable_bag_black,reusable_bag_black,product_color,reusable_bag_black
15,PIXATT.015,product_color,1019,reusable_bag_blue,reusable_bag_black,product_color,reusable_bag_blue
15,PIXATT.015,product_color,1020,reusable_bag_green,reusable_bag_black,product_color,reusable_bag_green
15,PIXATT.015,product_color,1021,reusable_bag_orange,reusable_bag_black,product_color,reusable_bag_orange
15,PIXATT.015,product_color,1022,reusable_bag_purple,reusable_bag_black,product_color,reusable_bag_purple
15,PIXATT.015,product_color,1023,reusable_bag_red,reusable_bag_black,product_color,reusable_bag_red
15,PIXATT.015,product_color,1024,reusable_bag_white,reusable_bag_black,product_color,reusable_bag_white
15,PIXATT.015,product_color,1087,product_color_black,product_color_black,product_color,product_color_black
15,PIXATT.015,product_color,1088,product_color_white,product_color_white,product_color,product_color_white
15,PIXATT.015,product_color,1089,nylon_bag_azure,pen_lime,product_color,nylon_bag_azure
15,PIXATT.015,product_color,1090,nylon_bag_dark_blue,pen_lime,product_color,nylon_bag_dark_blue
15,PIXATT.015,product_color,1091,mug_blue,product_color_black,product_color,mug_blue
15,PIXATT.015,product_color,1092,mug_green,product_color_black,product_color,mug_green
15,PIXATT.015,product_color,1093,headphones_blue,pen_red,product_color,headphones_blue
15,PIXATT.015,product_color,1094,work_tag_blue,candies_black,product_color,work_tag_blue
15,PIXATT.015,product_color,1095,work_tag_green,candies_black,product_color,work_tag_green
15,PIXATT.015,product_color,1096,work_tag_purple,candies_black,product_color,work_tag_purple
15,PIXATT.015,product_color,1097,work_tag_red,candies_black,product_color,work_tag_red
15,PIXATT.015,product_color,1098,pocket_mirror_silver,product_color_white,product_color,pocket_mirror_silver
15,PIXATT.015,product_color,1099,backpack_blue,product_color_black,product_color,backpack_blue
15,PIXATT.015,product_color,1100,backpack_green,product_color_black,product_color,backpack_green
15,PIXATT.015,product_color,1101,backpack_orange,product_color_black,product_color,backpack_orange
15,PIXATT.015,product_color,1102,notebook_hardcover_blue,candies_white,product_color,notebook_hardcover_blue
15,PIXATT.015,product_color,1103,steel_bottle_blue,shirt_black,product_color,steel_bottle_blue
15,PIXATT.015,product_color,1104,steel_bottle_red,shirt_black,product_color,steel_bottle_red
15,PIXATT.015,product_color,1105,plastic_bottle_red,plastic_bottle_red,product_color,plastic_bottle_red
15,PIXATT.015,product_color,1106,plastic_straw_cup_blue,plastic_straw_cup_blue,product_color,plastic_straw_cup_blue
15,PIXATT.015,product_color,1107,plastic_straw_cup_green,plastic_straw_cup_blue,product_color,plastic_straw_cup_green
15,PIXATT.015,product_color,1108,plastic_straw_cup_orange,plastic_straw_cup_blue,product_color,plastic_straw_cup_orange
15,PIXATT.015,product_color,1109,plastic_straw_cup_transparent,plastic_straw_cup_blue,product_color,plastic_straw_cup_transparent
15,PIXATT.015,product_color,1110,thermal_mug_blue,product_color_black,product_color,thermal_mug_blue
15,PIXATT.015,product_color,1111,passport_cover_silver,shirt_red,product_color,passport_cover_silver
15,PIXATT.015,product_color,1112,luggage_tag_blue,product_color_black,product_color,luggage_tag_blue
15,PIXATT.015,product_color,1113,metal_pen_dark_silver,product_color_white,product_color,metal_pen_dark_silver
15,PIXATT.015,product_color,1114,metal_pen_light_silver,product_color_white,product_color,metal_pen_light_silver
15,PIXATT.015,product_color,1115,metal_pen_gold,product_color_white,product_color,metal_pen_gold
15,PIXATT.015,product_color,1116,metal_pen_blue,product_color_white,product_color,metal_pen_blue
15,PIXATT.015,product_color,1117,decorated_pen_green,decorated_pen_green,product_color,decorated_pen_green
15,PIXATT.015,product_color,1118,decorated_pen_blue,decorated_pen_green,product_color,decorated_pen_blue
15,PIXATT.015,product_color,1119,decorated_pen_pink,decorated_pen_green,product_color,decorated_pen_pink
15,PIXATT.015,product_color,1120,decorated_pen_red,decorated_pen_green,product_color,decorated_pen_red
15,PIXATT.015,product_color,1121,decorated_pen_dark_green,decorated_pen_green,product_color,decorated_pen_dark_green
15,PIXATT.015,product_color,1122,decorated_pen_bordeaux,decorated_pen_green,product_color,decorated_pen_bordeaux
15,PIXATT.015,product_color,1123,decorated_pen_orange,decorated_pen_green,product_color,decorated_pen_orange
15,PIXATT.015,product_color,1124,decorated_pen_purple,decorated_pen_green,product_color,decorated_pen_purple
15,PIXATT.015,product_color,1125,decorated_pen_azure,decorated_pen_green,product_color,decorated_pen_azure
15,PIXATT.015,product_color,1126,decorated_pen_emerald,decorated_pen_green,product_color,decorated_pen_emerald
15,PIXATT.015,product_color,1127,decorated_pen_light_orange,decorated_pen_green,product_color,decorated_pen_light_orange
15,PIXATT.015,product_color,1128,decorated_pen_light_blue,decorated_pen_green,product_color,decorated_pen_light_blue
15,PIXATT.015,product_color,1132,plastic_bottle_blue,plastic_bottle_red,product_color,plastic_bottle_blue
15,PIXATT.015,product_color,1138,tank_shirt_white,tank_shirt_black,product_color,tank_shirt_white
15,PIXATT.015,product_color,1139,tank_shirt_grey,tank_shirt_black,product_color,tank_shirt_grey
15,PIXATT.015,product_color,1140,tank_shirt_red,tank_shirt_black,product_color,tank_shirt_red
15,PIXATT.015,product_color,1141,tank_shirt_pink,tank_shirt_black,product_color,tank_shirt_pink
15,PIXATT.015,product_color,1142,tank_shirt_blue,tank_shirt_black,product_color,tank_shirt_blue
15,PIXATT.015,product_color,1143,tank_shirt_bourdeaux,tank_shirt_black,product_color,tank_shirt_bourdeaux
15,PIXATT.015,product_color,1144,tank_shirt_green,tank_shirt_black,product_color,tank_shirt_green
15,PIXATT.015,product_color,1145,tank_shirt_dark_green,tank_shirt_black,product_color,tank_shirt_dark_green
15,PIXATT.015,product_color,1146,tank_shirt_black,tank_shirt_black,product_color,tank_shirt_black
15,PIXATT.015,product_color,1147,tank_shirt_light_blue,tank_shirt_black,product_color,tank_shirt_light_blue
15,PIXATT.015,product_color,1148,tank_shirt_dark_blue,tank_shirt_black,product_color,tank_shirt_dark_blue
15,PIXATT.015,product_color,1149,tank_shirt_dark_pink,tank_shirt_black,product_color,tank_shirt_dark_pink
15,PIXATT.015,product_color,1150,tank_shirt_yellow,tank_shirt_black,product_color,tank_shirt_yellow
15,PIXATT.015,product_color,1152,beach_towel_orange,beach_towel_orange,product_color,beach_towel_orange
15,PIXATT.015,product_color,1153,beach_towel_blue,beach_towel_orange,product_color,beach_towel_blue
15,PIXATT.015,product_color,1154,beach_towel_green,beach_towel_orange,product_color,beach_towel_green
15,PIXATT.015,product_color,1156,led_desk_lamp_white,led_desk_lamp_white,product_color,led_desk_lamp_white
15,PIXATT.015,product_color,1158,frisbee_white,frisbee_white,product_color,frisbee_white
15,PIXATT.015,product_color,1159,frisbee_blue,frisbee_white,product_color,frisbee_blue
15,PIXATT.015,product_color,1161,hand_fan_white,hand_fan_white,product_color,hand_fan_white
15,PIXATT.015,product_color,1163,neck_fan_white,neck_fan_white,product_color,neck_fan_white
15,PIXATT.015,product_color,1165,large_backpack_black,large_backpack_black,product_color,large_backpack_black
15,PIXATT.015,product_color,1166,large_backpack_blue,large_backpack_black,product_color,large_backpack_blue
15,PIXATT.015,product_color,1167,large_backpack_dark_blue,large_backpack_black,product_color,large_backpack_dark_blue
15,PIXATT.015,product_color,1168,neck_fan_blue,neck_fan_white,product_color,neck_fan_blue
15,PIXATT.015,product_color,1169,neck_fan_red,neck_fan_white,product_color,neck_fan_red
15,PIXATT.015,product_color,1170,neck_fan_yellow,neck_fan_white,product_color,neck_fan_yellow
15,PIXATT.015,product_color,1171,Matkot_blue,Matkot_blue,product_color,Matkot_blue
15,PIXATT.015,product_color,1172,beach_tent_light_blue,beach_tent_light_blue,product_color,beach_tent_light_blue
15,PIXATT.015,product_color,1173,beach_tent_turquoise,beach_tent_light_blue,product_color,beach_tent_turquoise
15,PIXATT.015,product_color,1174,silicon_ring_bottle_blue,silicon_ring_bottle_blue,product_color,silicon_ring_bottle_blue
15,PIXATT.015,product_color,1175,silicon_ring_bottle_white,silicon_ring_bottle_blue,product_color,silicon_ring_bottle_white
15,PIXATT.015,product_color,1176,silicon_ring_bottle_orange,silicon_ring_bottle_blue,product_color,silicon_ring_bottle_orange
15,PIXATT.015,product_color,1177,silicon_ring_bottle_green,silicon_ring_bottle_blue,product_color,silicon_ring_bottle_green
15,PIXATT.015,product_color,1178,plastic_bubble_cup_sky_blue,plastic_bubble_cup_sky_blue,product_color,plastic_bubble_cup_sky_blue
15,PIXATT.015,product_color,1179,plastic_bubble_cup_pink,plastic_bubble_cup_sky_blue,product_color,plastic_bubble_cup_pink
15,PIXATT.015,product_color,1180,plastic_bubble_cup_orange,plastic_bubble_cup_sky_blue,product_color,plastic_bubble_cup_orange
15,PIXATT.015,product_color,1181,cellphone_battery_blue,cellphone_battery_blue,product_color,cellphone_battery_blue
15,PIXATT.015,product_color,1182,cellphone_battery_silver,cellphone_battery_blue,product_color,cellphone_battery_silver
15,PIXATT.015,product_color,1183,personal_cooler_blue,personal_cooler_orange,product_color,personal_cooler_blue
15,PIXATT.015,product_color,1184,personal_cooler_green,personal_cooler_orange,product_color,personal_cooler_green
15,PIXATT.015,product_color,1185,personal_cooler_orange,personal_cooler_orange,product_color,personal_cooler_orange
15,PIXATT.015,product_color,1186,bath_speaker_blue,bath_speaker_blue,product_color,bath_speaker_blue
15,PIXATT.015,product_color,1187,bath_speaker_white,bath_speaker_blue,product_color,bath_speaker_white
15,PIXATT.015,product_color,1188,keychain_led_light_blue,pen_red,product_color,keychain_led_light_blue
15,PIXATT.015,product_color,1189,keychain_led_light_black,pen_red,product_color,keychain_led_light_black
15,PIXATT.015,product_color,1190,memo_holder_blue,shirt_grey,product_color,memo_holder_blue
15,PIXATT.015,product_color,1191,memo_holder_black,shirt_grey,product_color,memo_holder_black
15,PIXATT.015,product_color,1192,velvet_pen_blue,pen_sky_blue,product_color,velvet_pen_blue
15,PIXATT.015,product_color,1193,velvet_pen_black,pen_sky_blue,product_color,velvet_pen_black
15,PIXATT.015,product_color,1194,velvet_pen_silver,pen_sky_blue,product_color,velvet_pen_silver
15,PIXATT.015,product_color,1195,velvet_pen_red,pen_sky_blue,product_color,velvet_pen_red
15,PIXATT.015,product_color,1196,velvet_pen_pink,pen_sky_blue,product_color,velvet_pen_pink
15,PIXATT.015,product_color,1197,velvet_pen_yellow,pen_sky_blue,product_color,velvet_pen_yellow
15,PIXATT.015,product_color,1198,velvet_pen_purple,pen_sky_blue,product_color,velvet_pen_purple
15,PIXATT.015,product_color,1199,velvet_pen_orange,pen_sky_blue,product_color,velvet_pen_orange
15,PIXATT.015,product_color,1257,american_shirt_bourdeaux,american_shirt_bourdeaux,product_color,american_shirt_bourdeaux
15,PIXATT.015,product_color,1264,american_shirt_black,american_shirt_bourdeaux,product_color,american_shirt_black
15,PIXATT.015,product_color,1265,american_shirt_dark_blue,american_shirt_bourdeaux,product_color,american_shirt_dark_blue
15,PIXATT.015,product_color,1266,polo_shirt_black,polo_shirt_black,product_color,polo_shirt_black
15,PIXATT.015,product_color,1267,polo_shirt_white,polo_shirt_black,product_color,polo_shirt_white
15,PIXATT.015,product_color,1278,kids_shirt_black,kids_shirt_black,product_color,kids_shirt_black
15,PIXATT.015,product_color,1279,kids_shirt_green,kids_shirt_black,product_color,kids_shirt_green
15,PIXATT.015,product_color,1280,kids_shirt_blue,kids_shirt_black,product_color,kids_shirt_blue
15,PIXATT.015,product_color,1281,kids_shirt_red,kids_shirt_black,product_color,kids_shirt_red
15,PIXATT.015,product_color,1284,kids_shirt_pink,kids_shirt_black,product_color,kids_shirt_pink
15,PIXATT.015,product_color,1285,kids_shirt_white,kids_shirt_black,product_color,kids_shirt_white
15,PIXATT.015,product_color,1286,kids_shirt_purple,kids_shirt_black,product_color,kids_shirt_purple
15,PIXATT.015,product_color,1288,baseball_cap_green,baseball_cap_green,product_color,baseball_cap_green
15,PIXATT.015,product_color,1289,baseball_cap_black,baseball_cap_green,product_color,baseball_cap_black
15,PIXATT.015,product_color,1290,baseball_cap_blue,baseball_cap_green,product_color,baseball_cap_blue
15,PIXATT.015,product_color,1291,baseball_cap_dark_blue,baseball_cap_green,product_color,baseball_cap_dark_blue
15,PIXATT.015,product_color,1292,baseball_cap_purple,baseball_cap_green,product_color,baseball_cap_purple
15,PIXATT.015,product_color,1293,baseball_cap_red,baseball_cap_green,product_color,baseball_cap_red
15,PIXATT.015,product_color,1294,baseball_cap_yellow,baseball_cap_green,product_color,baseball_cap_yellow
15,PIXATT.015,product_color,1296,baseball_cap_orange,baseball_cap_green,product_color,baseball_cap_orange
15,PIXATT.015,product_color,1298,trucker_cap_pink,trucker_cap_pink,product_color,trucker_cap_pink
15,PIXATT.015,product_color,1299,trucker_cap_blue,trucker_cap_pink,product_color,trucker_cap_blue
15,PIXATT.015,product_color,1300,trucker_cap_yellow,trucker_cap_pink,product_color,trucker_cap_yellow
15,PIXATT.015,product_color,1301,trucker_cap_black,trucker_cap_pink,product_color,trucker_cap_black
15,PIXATT.015,product_color,1302,trucker_cap_dark_blue,trucker_cap_pink,product_color,trucker_cap_dark_blue
15,PIXATT.015,product_color,1303,trucker_cap_red,trucker_cap_pink,product_color,trucker_cap_red
15,PIXATT.015,product_color,1304,trucker_cap_purple,trucker_cap_pink,product_color,trucker_cap_purple
15,PIXATT.015,product_color,1305,trucker_cap_orange,trucker_cap_pink,product_color,trucker_cap_orange
15,PIXATT.015,product_color,1306,trucker_cap_radiance_green,trucker_cap_pink,product_color,trucker_cap_radiance_green
15,PIXATT.015,product_color,1307,trucker_cap_light_blue,trucker_cap_pink,product_color,trucker_cap_light_blue
15,PIXATT.015,product_color,1310,reflective_vest_orange,reflective_vest_orange,product_color,reflective_vest_orange
15,PIXATT.015,product_color,1312,bucket_hat_beige,bucket_hat_beige,product_color,bucket_hat_beige
15,PIXATT.015,product_color,1313,bucket_hat_dark_blue,bucket_hat_beige,product_color,bucket_hat_dark_blue
15,PIXATT.015,product_color,1314,bucket_hat_olive_green,bucket_hat_beige,product_color,bucket_hat_olive_green
15,PIXATT.015,product_color,1315,bucket_hat_red,bucket_hat_beige,product_color,bucket_hat_red
15,PIXATT.015,product_color,1316,bucket_hat_black,bucket_hat_beige,product_color,bucket_hat_black
15,PIXATT.015,product_color,1317,bucket_hat_white,bucket_hat_beige,product_color,bucket_hat_white
15,PIXATT.015,product_color,1320,polo_shirt_blue,polo_shirt_black,product_color,polo_shirt_blue
15,PIXATT.015,product_color,1322,bucket_hat_light_blue,bucket_hat_beige,product_color,bucket_hat_light_blue
15,PIXATT.015,product_color,1323,bucket_hat_green,bucket_hat_beige,product_color,bucket_hat_green
15,PIXATT.015,product_color,1385,kitchen_apron_black_and_white,product_color_black,product_color,kitchen_apron_black_and_white
15,PIXATT.015,product_color,1418,paper_bag_brown,towel_white,product_color,paper_bag_brown
15,PIXATT.015,product_color,1460,car_sticker_a3_clear,product_color_white,product_color,car_sticker_a3_clear
15,PIXATT.015,product_color,1631,silicon_ring_bottle_red,silicon_ring_bottle_blue,product_color,silicon_ring_bottle_red
15,PIXATT.015,product_color,1632,silicon_ring_bottle_purple,silicon_ring_bottle_blue,product_color,silicon_ring_bottle_purple
16,PIXATT.016,spiral,1059,notebook_spiral_right,notebook_spiral_right,spiral,notebook_spiral_right
16,PIXATT.016,spiral,1060,notebook_spiral_top,notebook_spiral_right,spiral,notebook_spiral_top
19,PIXATT.019,glue,779,glue_yes,glue_no,glue,glue_yes
19,PIXATT.019,glue,780,glue_no,glue_no,glue,glue_no
20,PIXATT.020,hanging_clip,781,hanging_clip_yes,hanging_clip_yes,hanging_clip,hanging_clip_yes
20,PIXATT.020,hanging_clip,782,hanging_clip_no,hanging_clip_yes,hanging_clip,hanging_clip_no
21,PIXATT.021,hanging_holes,789,hanging_holes_yes,hanging_holes_no,hanging_holes,hanging_holes_yes
21,PIXATT.021,hanging_holes,790,hanging_holes_no,hanging_holes_no,hanging_holes,hanging_holes_no
22,PIXATT.022,screws,792,screws_yes,screws_no,screws,screws_yes
22,PIXATT.022,screws,793,screws_no,screws_no,screws,screws_no
23,PIXATT.023,clothing_size,869,size_s,size_s,clothing_size,size_s
23,PIXATT.023,clothing_size,870,size_m,size_s,clothing_size,size_m
23,PIXATT.023,clothing_size,871,size_l,size_s,clothing_size,size_l
23,PIXATT.023,clothing_size,872,size_xl,size_s,clothing_size,size_xl
23,PIXATT.023,clothing_size,873,size_xxl,size_s,clothing_size,size_xxl
23,PIXATT.023,clothing_size,874,size_xxxl,size_s,clothing_size,size_xxxl
23,PIXATT.023,clothing_size,1272,size_6,size_6,clothing_size,size_6
23,PIXATT.023,clothing_size,1273,size_8,size_6,clothing_size,size_8
23,PIXATT.023,clothing_size,1274,size_10,size_6,clothing_size,size_10
23,PIXATT.023,clothing_size,1275,size_12,size_6,clothing_size,size_12
23,PIXATT.023,clothing_size,1276,size_14,size_6,clothing_size,size_14
23,PIXATT.023,clothing_size,1277,size_16,size_6,clothing_size,size_16
23,PIXATT.023,clothing_size,1466,kids_size,kids_size,clothing_size,kids_size
23,PIXATT.023,clothing_size,1467,adults_size,kids_size,clothing_size,adults_size
25,PIXATT.025,folder_flap,905,folder_flap_one_left,folder_flap_one_left,folder_flap,folder_flap_one_left
25,PIXATT.025,folder_flap,907,folder_flap_two,folder_flap_one_left,folder_flap,folder_flap_two
26,PIXATT.026,card_slit,910,card_slit_yes,card_slit_yes,card_slit,card_slit_yes
27,PIXATT.027,amount_in_block,913,amount_in_block_50,amount_in_block_50,amount_in_block,amount_in_block_50
27,PIXATT.027,amount_in_block,914,amount_in_block_100,amount_in_block_50,amount_in_block,amount_in_block_100
27,PIXATT.027,amount_in_block,915,amount_in_block_150,amount_in_block_50,amount_in_block,amount_in_block_150
27,PIXATT.027,amount_in_block,1500,amount_in_block_25,amount_in_block_25,amount_in_block,amount_in_block_25
28,PIXATT.028,paper_inner_pages,950,paper_inner_pages_woodfree_80,paper_inner_pages_woodfree_80,paper_inner_pages,paper_inner_pages_woodfree_80
28,PIXATT.028,paper_inner_pages,954,paper_inner_pages_chromo_matte_135,paper_inner_pages_chromo_matte_135,paper_inner_pages,paper_inner_pages_chromo_matte_135
28,PIXATT.028,paper_inner_pages,958,paper_inner_pages_chromo_matte_220,paper_inner_pages_chromo_matte_220,paper_inner_pages,paper_inner_pages_chromo_matte_220
30,PIXATT.030,fix_it,1130,fix_it_yes,fix_it_no,fix_it,fix_it_yes
30,PIXATT.030,fix_it,1131,fix_it_no,fix_it_no,fix_it,fix_it_no
31,PIXATT.031,cup_lid,1214,cup_lid_no,cup_lid_no,cup_lid,cup_lid_no
31,PIXATT.031,cup_lid,1215,cup_lid_black,cup_lid_no,cup_lid,cup_lid_black
31,PIXATT.031,cup_lid,1216,cup_lid_white,cup_lid_no,cup_lid,cup_lid_white
31,PIXATT.031,cup_lid,1391,invite_envelope_no,invite_envelope_no,cup_lid,invite_envelope_no
31,PIXATT.031,cup_lid,1392,invite_envelope_yes,invite_envelope_no,cup_lid,invite_envelope_yes
31,PIXATT.031,cup_lid,1394,bc_trio_black,bc_trio_black,cup_lid,bc_trio_black
31,PIXATT.031,cup_lid,1396,bc_trio_red,bc_trio_black,cup_lid,bc_trio_red
31,PIXATT.031,cup_lid,1420,bc_trio_orange,bc_trio_black,cup_lid,bc_trio_orange
31,PIXATT.031,cup_lid,1421,bc_trio_sky_blue,bc_trio_black,cup_lid,bc_trio_sky_blue
32,PIXATT.032,scodix,1330,scodix_gloss,scodix_gloss,scodix,scodix_gloss
32,PIXATT.032,scodix,1331,scodix_gold,scodix_gloss,scodix,scodix_gold
32,PIXATT.032,scodix,1332,scodix_silver,scodix_gloss,scodix,scodix_silver
32,PIXATT.032,scodix,1522,scodix_no,scodix_no,scodix,scodix_no
33,PIXATT.033,printed_side,1398,printed_side_simplex,printed_side_simplex,printed_side,printed_side_simplex
33,PIXATT.033,printed_side,1399,printed_side_duplex,printed_side_simplex,printed_side,printed_side_duplex
34,PIXATT.034,bank,1474,bank_leumi,bank_leumi,bank,bank_leumi
34,PIXATT.034,bank,1475,bank_hapoalim,bank_leumi,bank,bank_hapoalim
34,PIXATT.034,bank,1476,bank_discount,bank_leumi,bank,bank_discount
34,PIXATT.034,bank,1477,bank_mercantile,bank_leumi,bank,bank_mercantile
34,PIXATT.034,bank,1478,bank_igud,bank_leumi,bank,bank_igud
34,PIXATT.034,bank,1479,bank_mizrachi,bank_leumi,bank,bank_mizrachi
36,PIXATT.036,software,1481,software_hashavshevet_windows_2,software_hashavshevet_windows_2,software,software_hashavshevet_windows_2
36,PIXATT.036,software,1482,software_priority_eshbal,software_hashavshevet_windows_2,software,software_priority_eshbal
36,PIXATT.036,software,1484,software_sap,software_hashavshevet_windows_2,software,software_sap
36,PIXATT.036,software,1485,software_hashavshevet,software_hashavshevet_windows_2,software,software_hashavshevet
36,PIXATT.036,software,1486,software_daarom,software_hashavshevet_windows_2,software,software_daarom
36,PIXATT.036,software,1487,software_unkown,software_hashavshevet_windows_2,software,software_unkown
37,PIXATT.037,warranty_check,1489,warranty_check_without,warranty_check_without,warranty_check,warranty_check_without
37,PIXATT.037,warranty_check,1490,warranty_check_motav_bilvad,warranty_check_without,warranty_check,warranty_check_motav_bilvad
37,PIXATT.037,warranty_check,1491,warranty_check_motav_bilvad_with_cross,warranty_check_without,warranty_check,warranty_check_motav_bilvad_with_cross
37,PIXATT.037,warranty_check,1492,warranty_check_cross,warranty_check_without,warranty_check,warranty_check_cross
38,PIXATT.038,check_copies,1494,check_copies_original,check_copies_original,check_copies,check_copies_original
38,PIXATT.038,check_copies,1495,check_copies_original_and_copy,check_copies_original,check_copies,check_copies_original_and_copy
38,PIXATT.038,check_copies,1496,check_copies_original_and_two_copies,check_copies_original,check_copies,check_copies_original_and_two_copies
38,PIXATT.038,check_copies,1497,check_copies_original_and_copy_on_side,check_copies_original,check_copies,check_copies_original_and_copy_on_side