"Page option ID","Page option code","Hebrew Name","value code","Hebrew Name"
1,"paper "," סוג נייר","paper_none","No paper"
1,"paper "," סוג נייר","woodfree_80","נייר נטול עץ 80 גרם"
1,"paper "," סוג נייר","recycled_80","נייר ממוחזר 80 גרם"
1,"paper "," סוג נייר","chromo_matte_300","נייר כרומו מט 300 גרם"
1,"paper "," סוג נייר","chromo_glossy_300","נייר כרומו מבריק 300 גרם"
1,"paper "," סוג נייר","chromo_matte_220","נייר כרומו מט 220 גרם"
1,"paper "," סוג נייר","chromo_glossy_220","נייר כרומו מבריק 220 גרם"
1,"paper "," סוג נייר","chromo_matte_170","נייר כרומו מט 170 גרם"
1,"paper "," סוג נייר","chromo_glossy_170","נייר כרומו מבריק 170 גרם"
1,"paper "," סוג נייר","chromo_matte_135","נייר כרומו מט 135 גרם"
1,"paper "," סוג נייר","chromo_glossy_135","נייר כרומו מבריק 135 גרם"
1,"paper "," סוג נייר","chromo_matte_90","Chromo matte 90g"
1,"paper "," סוג נייר","chromo_glossy_90","Chromo glossy 90g"
1,"paper "," סוג נייר","biacno_300","נייר ביאנקו 300 גרם"
1,"paper "," סוג נייר","twill_250","נייר עם טקסטורה 250 גרם"
1,"paper "," סוג נייר","kappa_5","קאפה 5 מ""מ"
1,"paper "," סוג נייר","kappa_10","קאפה 10 מ""מ"
1,"paper "," סוג נייר","poster_170","Poster paper 170g"
1,"paper "," סוג נייר","ecological","נייר אקולוגי 350 גרם"
1,"paper "," סוג נייר","chromo_matte_350","נייר כרומו מט 350 גרם"
1,"paper "," סוג נייר","felix_schoeller_220g","felix schoeller 260g"
1,"paper "," סוג נייר","majestic_white_300","נייר פנינה"
1,"paper "," סוג נייר","majestic_cream_300","נייר פנינה קרם"
1,"paper "," סוג נייר","sticker_polypropylene","sticker_pp"
1,"paper "," סוג נייר","sticker_paper","sticker_paper"
1,"paper "," סוג נייר","chromo_matte_250g","chromo matte 250g"
2,"format "," פורמט","front_small","כיס קדמי"
2,"format "," פורמט","format_none","No format"
2,"format "," פורמט","horizontal","שוכב"
2,"format "," פורמט","vertical","עומד"
2,"format "," פורמט","front_big","קדמי מלא"
2,"format "," פורמט","front_small_back","כיס קדמי + אחורי מלא"
2,"format "," פורמט","front_big_back","קדמי מלא + אחורי מלא"
2,"format "," פורמט","back","אחורי מלא"
2,"format "," פורמט","square","ריבועי"
2,"format "," פורמט","circle","עיגול"
2,"format "," פורמט","square_round_corners","ריבוע עם פינות עגולות"
2,"format "," פורמט","right","הדפסה בצד ימין"
2,"format "," פורמט","left","הדפסה בצד שמאל"
2,"format "," פורמט","middle","הדפסה באמצע"
2,"format "," פורמט","roll_sticker_circle","עיגול"
2,"format "," פורמט","roll_sticker_rectangle","מלבן"
2,"format "," פורמט","roll_sticker_ellipse","אליפסה"
2,"format "," פורמט","roll_sticker_square","ריבוע"
2,"format "," פורמט","roll_sticker_hexagon","משושה"
2,"format "," פורמט","roll_sticker_label","תגית"
2,"format "," פורמט","star","שמש"
3,"pages "," עמודים","pages_none","No pages"
3,"pages "," עמודים","calendar_14","14 pages"
3,"pages "," עמודים","notebook_pages_40","40 דפים"
3,"pages "," עמודים","notebook_pages_64","64 דפים"
3,"pages "," עמודים","notebook_pages_80","80 דפים"
3,"pages "," עמודים","notebook_spiral_pages_40","40 דפים"
3,"pages "," עמודים","notebook_spiral_pages_80","80 דפים"
3,"pages "," עמודים","notebook_pages_8","8 pages"
3,"pages "," עמודים","notebook_pages_16","16 דפים"
3,"pages "," עמודים","notebook_pages_24","24 דפים"
3,"pages "," עמודים","notebook_pages_32","32 דפים"
3,"pages "," עמודים","notebook_pages_48","48 pages"
3,"pages "," עמודים","notebook_pages_56","56 pages"
3,"pages "," עמודים","seiten_12","12 דפים"
3,"pages "," עמודים","seiten_20","20 דפים"
3,"pages "," עמודים","seiten_28","28 דפים"
3,"pages "," עמודים","seiten_36","36 דפים"
3,"pages "," עמודים","seiten_44","44 דפים"
3,"pages "," עמודים","booklets_12","12 עמודים"
3,"pages "," עמודים","booklets_16","16 עמודים"
3,"pages "," עמודים","booklets_20","20 עמודים"
3,"pages "," עמודים","booklets_24","24 עמודים"
3,"pages "," עמודים","booklets_28","28 עמודים"
3,"pages "," עמודים","booklets_32","32 עמודים"
3,"pages "," עמודים","booklets_36","36 עמודים"
3,"pages "," עמודים","booklets_40","40 עמודים"
3,"pages "," עמודים","booklets_44","44 עמודים"
4,"colors "," צבעי הדפסה","print_40","צבעוני בחזית, ללא גב"
4,"colors "," צבעי הדפסה","print_41","4/1-colored Euroscale"
4,"colors "," צבעי הדפסה","print_44","צבעוני בשני הצדדים"
4,"colors "," צבעי הדפסה","print_10","שחור לבן בחזית, ללא גב"
4,"colors "," צבעי הדפסה","print_11","שחור לבן בשני הצדדים"
4,"colors "," צבעי הדפסה","print_14","1/4-colored Euroscale"
4,"colors "," צבעי הדפסה","print_color_black","שחור"
4,"colors "," צבעי הדפסה","print_color_silver","כסוף"
4,"colors "," צבעי הדפסה","print_color_white","לבן"
4,"colors "," צבעי הדפסה","print_color_colorful","צבעוני"
5,"pattern_inner_pages "," סוג דף","pattern_inner_pages_none","ללא"
5,"pattern_inner_pages "," סוג דף","notebook_inner_blank","דף חלק"
5,"pattern_inner_pages "," סוג דף","notebook_inner_lines","שורות"
5,"pattern_inner_pages "," סוג דף","notebook_inner_grid","משבצות"
6,"lamination "," למינציה","lamination_none","ללא"
6,"lamination "," למינציה","lamination_1side_matte","למינציה מט"
6,"lamination "," למינציה","lamination_2sides_matte","למינציה מט"
6,"lamination "," למינציה","lamination_1side_glossy","למינציה מבריקה"
6,"lamination "," למינציה","lamination_2sides_glossy","למינציה מבריקה"
6,"lamination "," למינציה","lamination_no","ללא"
6,"lamination "," למינציה","lamination_1side_premium","למינציה פרימיום"
6,"lamination "," למינציה","lamination_2sides_premium","למינציה פרימיום"
7,"round_corners "," פינות מעוגלות","round_corners_none","ללא"
7,"round_corners "," פינות מעוגלות","round_corners_yes","כן"
7,"round_corners "," פינות מעוגלות","round_corners_no","לא"
13,"production_time "," זמן ייצור","budget","חסכוני"
13,"production_time "," זמן ייצור","standard","סטנדרט"
13,"production_time "," זמן ייצור","express","אקספרס"
13,"production_time "," זמן ייצור","industrial","תעשייתי"
13,"production_time "," זמן ייצור","vocational","מקצועי"
14,"size "," גודל","envelope_11x23","23x11 ס""מ"
14,"size "," גודל","envelope_16x23_7","23.7x16 ס""מ"
14,"size "," גודל","size_none","ללא"
14,"size "," גודל","a0","84.1x118.9 ס""מ"
14,"size "," גודל","a1","59.4x84.1 ס""מ"
14,"size "," גודל","a2","42x59.4 ס""מ"
14,"size "," גודל","a3","29.7x42 ס""מ [A3]"
14,"size "," גודל","a4","21x29.7 ס""מ [A4]"
14,"size "," גודל","a5","14.8x21 ס""מ [A5]"
14,"size "," גודל","a6","10.5x14.8 ס""מ"
14,"size "," גודל","business_card_85x55","כרטיס לארנק"
14,"size "," גודל","business_card_90x50","כרטיס סטנדרטי"
14,"size "," גודל","poster_100_70","70x100 ס""מ"
14,"size "," גודל","poster_70_50","50x70 ס""מ"
14,"size "," גודל","poster_80_60","60x80 ס""מ"
14,"size "," גודל","poster_40_30","40 x 30 Cm"
14,"size "," גודל","envelope_23x33_5","24x34 ס""מ"
14,"size "," גודל","rollup_85x200","85x200 ס""מ"
14,"size "," גודל","rollup_85x100","85x100 ס""מ"
14,"size "," גודל","rollup_150x200","150x200 ס""מ"
14,"size "," גודל","rollup_a4","21x29.7 ס""מ [A4]"
14,"size "," גודל","rollup_a3","29.7x42 ס""מ [A3]"
14,"size "," גודל","postcard_10x15","10x15 ס""מ"
14,"size "," גודל","memo_10x10","10x10 ס""מ"
14,"size "," גודל","folder_460x320","460 x 320 Cm (fits A4 page)"
14,"size "," גודל","a4_folded","29.7x21 ס""מ [A4]"
14,"size "," גודל","a5_folded","14.8x21 ס""מ [A5]"
14,"size "," גודל","beermat_square_9x9","ריבוע עם פינות עגולות"
14,"size "," גודל","beermat_circle_9","עיגול בקוטר 9 ס""מ"
14,"size "," גודל","door_hanger_100x270","10x27 ס""מ"
14,"size "," גודל","door_hanger_125x300","12.5x30 ס""מ"
14,"size "," גודל","door_hanger_120x400","12x40 ס""מ"
14,"size "," גודל","sticker_circle_3","עיגול בקוטר 3<br> ס""מ"
14,"size "," גודל","sticker_circle_5","עיגול בקוטר 5<br> ס""מ"
14,"size "," גודל","sticker_square_5","ריבוע 5x5 ס""מ"
14,"size "," גודל","art_print_30x30","30x30 ס""מ"
14,"size "," גודל","art_print_40x40","40x40 ס""מ"
14,"size "," גודל","a4_hor_with_bleed","29.7x21 ס""מ [A4]"
14,"size "," גודל","a5_hor_with_bleed","21x14.8 ס""מ [A5]"
14,"size "," גודל","art_print_a4","21x29.7 ס""מ [A4]"
14,"size "," גודל","art_print_a3","29.7x42 ס""מ [A3]"
14,"size "," גודל","art_print_50x70","50x70 ס""מ"
14,"size "," גודל","art_print_60x80","60x80 ס""מ"
14,"size "," גודל","art_print_70x100","70x100 ס""מ"
14,"size "," גודל","poster_a4","21x29.7 ס""מ [A4]"
14,"size "," גודל","poster_a3","29.7x42 ס""מ [A3]"
14,"size "," גודל","block_size_a4","21x29.7 ס""מ [A4]"
14,"size "," גודל","block_size_a3","29.7x42 ס""מ [A3]"
14,"size "," גודל","a3_ver_with_bleed","29.7x42 ס""מ [A3]"
14,"size "," גודל","towel_10x10","10x10 ס""מ"
14,"size "," גודל","hat_8x8","8 x 8 Cm"
14,"size "," גודל","a5_with_bleed","14.8x21 ס""מ [A5]"
14,"size "," גודל","a4_with_bleed","21x29.7 ס""מ [A4]"
14,"size "," גודל","banner_100x50","100x50 ס""מ"
14,"size "," גודל","banner_150x100","150x100 ס""מ"
14,"size "," גודל","banner_200x100","200x100 ס""מ"
14,"size "," גודל","banner_200x200","200x200 ס""מ"
14,"size "," גודל","banner_300x50","300x50 ס""מ"
14,"size "," גודל","banner_300x200","300x200 ס""מ"
14,"size "," גודל","banner_400x300","400x300 ס""מ"
14,"size "," גודל","business_card_65x65","כרטיס ריבועי"
14,"size "," גודל","pen_45x10","4.5 x 1 Cm"
14,"size "," גודל","candy_42x42","4.2 x 4.2 Cm"
14,"size "," גודל","folded_postcard_20x15","folded_postcard_20x15"
14,"size "," גודל","magnet_5x5","5x5 ס""מ"
14,"size "," גודל","magnet_9x5","9x5 ס""מ"
14,"size "," גודל","magnet_10x10","10x10 ס""מ"
14,"size "," גודל","magnet_10x15","10x15 ס""מ"
14,"size "," גודל","magnet_a5","14.8x21 ס""מ [A5]"
14,"size "," גודל","notebook_pin_a5","14.8x21 ס""מ [A5]"
14,"size "," גודל","notebook_pin_a4","29.7x21 ס""מ [A4]"
14,"size "," גודל","notebook_glue_40_a5","14.8x21 ס""מ [A5]"
14,"size "," גודל","notebook_glue_40_a4","29.7x21 ס""מ [A4]"
14,"size "," גודל","notebook_glue_80_a5","14.8x21 ס""מ [A5]"
14,"size "," גודל","notebook_glue_80_a4","29.7x21 ס""מ [A4]"
14,"size "," גודל","notebook_spiral_a5","14.8x21 ס""מ [A5]"
14,"size "," גודל","notebook_spiral_a4","29.7x21 ס""מ [A4]"
14,"size "," גודל","block_size_a5_v","14.8x21 ס""מ [A5]"
14,"size "," גודל","block_size_a4_v","21x29.7 ס""מ [A4]"
14,"size "," גודל","nylon_bag_20x18","20 x 18 Cm"
14,"size "," גודל","mug_5x5","5x5 ס""מ"
14,"size "," גודל","neck_pillow_8.5x4","8.5 x 4 Cm"
14,"size "," גודל","headphones_5x5","5x5 ס""מ"
14,"size "," גודל","cellphone_sticky_pocket_4x5","4 x 5 Cm"
14,"size "," גודל","metal_pen_4x0.8","4 x 0.8 Cm"
14,"size "," גודל","decorated_pen_4x0.8","4 x 0.8 Cm"
14,"size "," גודל","work_tag_1.9x1.9","1.9 x 1.9 Cm"
14,"size "," גודל","backpack_9x10","9 x 10 Cm"
14,"size "," גודל","notebook_hardcover_9.5x10","9.5 x 10 Cm"
14,"size "," גודל","pocket_mirror_4.5x4.5","4.5 x 4.5 Cm"
14,"size "," גודל","bottle_opener_4x0.9","4 x 0.9 Cm"
14,"size "," גודל","sport_towel_3x5","3 x 5 Cm"
14,"size "," גודל","steel_bottle_3x8","3 x 8 Cm"
14,"size "," גודל","plastic_bottle_4x7","4 x 7 Cm"
14,"size "," גודל","plastic_straw_cup_4x7","4 x 7 Cm"
14,"size "," גודל","thermal_mug_3.5x4","3.5 x 4 Cm"
14,"size "," גודל","reflective_ruler_12x2","12 x 2 Cm"
14,"size "," גודל","passport_cover_5x8","5 x 8 Cm"
14,"size "," גודל","luggage_tag_6x3","6 x 3 Cm"
14,"size "," גודל","usb_stick_2.5x1.1","2.5 x 1.1 Cm"
14,"size "," גודל","shirt_a4","21x29.7 ס""מ [A4]"
14,"size "," גודל","shirt_9x9","9x9 ס""מ"
14,"size "," גודל","beach_towel_6x6","6x6 Cm"
14,"size "," גודל","led_desk_lamp_6x3","6x3 Cm"
14,"size "," גודל","frisbee_circle_10x10","frisbee circle 10x10 Cm"
14,"size "," גודל","hand_fan_9x1.3","9x1.3 Cm"
14,"size "," גודל","neck_fan_4x1.5","4x1.5 Cm"
14,"size "," גודל","large_backpack_15x8","4x1.5 Cm"
14,"size "," גודל","matkot_circle_13x13","13X13 Cm"
14,"size "," גודל","beach_tent","10X5 Cm"
14,"size "," גודל","silicon_ring_bottle_5x4","5X4 Cm"
14,"size "," גודל","plastic_bubble_cup_10x5","10x5 Cm"
14,"size "," גודל","cellphone_battery","1.5x9 Cm"
14,"size "," גודל","neck_fan","1.5x4 Cm"
14,"size "," גודל","personal_cooler_40x65","4x6.5 Cm"
14,"size "," גודל","bath_speaker_13x20","1.3x2 Cm"
14,"size "," גודל","keychain_led_light_15x45","1.5x4.5 Cm"
14,"size "," גודל","memo_holder_35x70","3.5x7 Cm"
14,"size "," גודל","velvet_pen_8x40","0.8x4 Cm"
14,"size "," גודל","paper_cup_20.5x9.3","20.5x9.3 Cm"
14,"size "," גודל","wine_bottle_90x105","9 x 10.5 Cm"
14,"size "," גודל","hardcover_printed_notebook_a4","29.7x21 ס""מ [A4]"
14,"size "," גודל","hardcover_printed_notebook_a5","14.8x21 ס""מ [A5]"
14,"size "," גודל","shirt_a5","21x14.8 ס""מ [A5]"
14,"size "," גודל","baseball_cap_110x55","11 x 5.5 Cm"
14,"size "," גודל","trucker_cap_110x70","11 x 7 Cm"
14,"size "," גודל","bucket_hat_80x50","8 x 5 Cm"
14,"size "," גודל","postcard_greeting_card_10x15","10x15 ס""מ"
14,"size "," גודל","block_size_a6_v","10.5x14.8 ס""מ"
14,"size "," גודל","brochure_a4","21 x 29.7 cm"
14,"size "," גודל","brochure_a3_folded","29.7 x 42 cm"
14,"size "," גודל","shape_cut_5x5"," 5x5 ס""מ"
14,"size "," גודל","shape_cut_10x10"," 10x10 ס""מ"
14,"size "," גודל","shape_cut_15x15"," 15x15 ס""מ"
14,"size "," גודל","plotter_cutting_55x100"," 55x100 ס""מ"
14,"size "," גודל","plotter_cutting_a3"," 42x29.7 ס""מ [A3]"
14,"size "," גודל","plotter_cutting_a4"," 29.7x21 ס""מ [A4]"
14,"size "," גודל","vinyl_letters_a3"," 42x29.7 ס""מ [A3]"
14,"size "," גודל","vinyl_letters_a4"," 29.7x21 ס""מ [A4]"
14,"size "," גודל","car_sticker_a3"," 42x29.7 ס""מ [A3]"
14,"size "," גודל","sticker_rectangle_10x5"," מלבן 10x5 ס""מ"
14,"size "," גודל","sticker_rectangle_16x6"," מלבן 16x6 ס""מ"
14,"size "," גודל","sticker_rectangle_24x6"," מלבן 24x6 ס""מ"
14,"size "," גודל","sticker_ellipse_10x5"," אליפסה 10x5 ס""מ"
14,"size "," גודל","sticker_hexagon_5x5"," משושה 5x5 ס""מ"
14,"size "," גודל","sticker_label_7x5"," תגית 7x5 ס""מ"
14,"size "," גודל","sticker_star_5x5"," כוכב שמש 5x5 ס""מ"
14,"size "," גודל","canvas_20x30","20x30 ס""מ"
14,"size "," גודל","canvas_30x45","30x45 ס""מ"
14,"size "," גודל","canvas_50x70","50x70 ס""מ"
14,"size "," גודל","canvas_60x80","60x80 ס""מ"
14,"size "," גודל","canvas_70x100","70x100 ס""מ"
14,"size "," גודל","canvas_30x30","30x30 ס""מ"
14,"size "," גודל","canvas_40x40","40x40 ס""מ"
14,"size "," גודל","canvas_30x20","30 x 20 Cm"
14,"size "," גודל","canvas_45x30","45 x 30 Cm"
14,"size "," גודל","canvas_70x50","70 x 50 Cm"
14,"size "," גודל","canvas_80x60","80 x 60 Cm"
14,"size "," גודל","canvas_100x70","100 x 70 Cm"
14,"size "," גודל","softshell_jacket_8x8","8 x 8 Cm"
14,"size "," גודל","kappa_poster_a4","21x29.7 ס""מ [A4]"
14,"size "," גודל","kappa_poster_a3","29.7x42 ס""מ [A3]"
14,"size "," גודל","kappa_poster_50x70","50x70 ס""מ"
14,"size "," גודל","kappa_poster_60x80","60x80 ס""מ"
14,"size "," גודל","kappa_poster_70x100","70x100 ס""מ"
14,"size "," גודל","kappa_poater_30x30","30x30 ס""מ"
14,"size "," גודל","kappa_poster_40x40","40x40 ס""מ"
14,"size "," גודל","wireless_headphones_45x50","4.5 x 5 Cm"
14,"size "," גודל","cotton_string_backpack_200x200","20 x 20 Cm"
14,"size "," גודל","cotton_bag_210x297","21x29.7 ס""מ [A4]"
14,"size "," גודל","shopping_bag_210x297","21x29.7 ס""מ [A4]"
14,"size "," גודל","premium_steel_bottle_50x50","5x5 ס""מ"
14,"size "," גודל","personal_fitness_kit_40x35","4 x 3.5 Cm"
14,"size "," גודל","premium_plastic_bottle_50x70","5 x 7 Cm"
14,"size "," גודל","kitchen_apron_210x148","14.8x21 ס""מ [A5]"
14,"size "," גודל","bathrobe_210x297","29.7x21 ס""מ [A4]"
14,"size "," גודל","bluetooth_headphones_30x23","3 x 2.3 Cm"
14,"size "," גודל","conference_tag_60x20","6 x 2 Cm"
14,"size "," גודל","coasters_90x90","10x10 ס""מ"
14,"size "," גודל","event_invitations_12x18","12.5x18.5cm"
14,"size "," גודל","event_invitations_15x15","15.5x15.5cm"
14,"size "," גודל","floor_sticker_400x400","floor_sticker_502x502"
14,"size "," גודל","alcogel_45x60","4.5x6.0"
14,"size "," גודל","paper_bag_130x130","19x8x25"
14,"size "," גודל","paper_bag_150x160","25x12x31 "
14,"size "," גודל","paper_bag_180x210","32x12x40"
14,"size "," גודל","paper_bag_280x280","45x14x48"
14,"size "," גודל","mask_80x60","80x60"
14,"size "," גודל","branded_candies_55x77","5.5 x 7.7 Cm"
14,"size "," גודל","biscuit_100x96","10 x 9.6 Cm"
14,"size "," גודל","pyramids_with_chocolate_45x45","4.5 x 4.5 Cm"
14,"size "," גודל","candy_in_personalized_box_40x40","4 x 4 Cm"
14,"size "," גודל","keychain_with_candies_58x32","5.8 x 3.2 Cm"
14,"size "," גודל","cylinder_with_mantus_46x78","4.6 x 7.8 Cm"
14,"size "," גודל","sugar_sticks_110x37","11 x 3.7 Cm"
14,"size "," גודל","candy_roll_50x42","5 x 4.2 Cm"
14,"size "," גודל","candy_in_metal_box_60x49","6 x 4.9 Cm"
14,"size "," גודל","can_filled_with_candy_202x42","21.08 x 3.8 Cm"
14,"size "," גודל","can_filled_with_nuts_202x42","20.2 x 4.2 Cm"
14,"size "," גודל","sticker_roll_cir_4x4","עיגול בקוטר 4 ס""מ"
14,"size "," גודל","sticker_roll_cir_6x6","עיגול בקוטר 6 ס""מ"
14,"size "," גודל","sticker_roll_cir_9x9","עיגול בקוטר 9 ס""מ"
14,"size "," גודל","sticker_roll_squ_4x4","ריבוע 4x4 ס""מ"
14,"size "," גודל","sticker_roll_squ_6x6","ריבוע 6x6 ס""מ"
14,"size "," גודל","sticker_roll_squ_9x9","ריבוע 9x9 ס""מ"
14,"size "," גודל","sticker_roll_rectangle_9x5","מלבן 5x9 ס""מ"
14,"size "," גודל","sticker_roll_rectangle_18x6","מלבן 18x6 ס""מ"
14,"size "," גודל","stamp_38x14","קטן - 38X14 מ""מ"
14,"size "," גודל","stamp_47x18","בינוני - 47X18 מ""מ"
14,"size "," גודל","stamp_58x22","גדול - 58X22 מ""מ"
14,"size "," גודל","hammock_80x80","hammock_8x2 cm"
14,"size "," גודל","microfiber_towel_70x100","microfiber_towel_7x10 cm"
14,"size "," גודל","food_cooler_80x100","food_cooler_8x10 cm"
14,"size "," גודל","cooler_bag_100x60","cooler_bag 10x6 cm"
14,"size "," גודל","folding_cooler_120x60","folding_cooler_12x6"
14,"size "," גודל","mask_150x60","150x60"
14,"size "," גודל","invoice_105_3x100","חשבוניות 6 בדף"
14,"size "," גודל","package_645x614","12.5X20X9 "
14,"size "," גודל","package_854x876","19.5X30X10"
14,"size "," גודל","package_1125x868","28X35X10"
14,"size "," גודל","mask_15x6","15x6"
14,"size "," גודל","mask_5x5","5x5 ס""מ"
14,"size "," גודל","mask_70x35","7x3.5 ס""מ"
14,"size "," גודל","notebook_spiral_hardcover_a5","14.8x21 ס""מ [A5]"
14,"size "," גודל","notebook_spiral_hardcover_a4","29.7x21 ס""מ [A4]"
14,"size "," גודל","folder_with_printed_pocket","861x809"
14,"size "," גודל","balloon_10x10","balloon_10x10"
14,"size "," גודל","usb_stick_25x11","25x11Cm"
14,"size "," גודל","chocolate_coins_33x33","33x33 mm"
14,"size "," גודל","umbrella_17x11","170x110mm"
14,"size "," גודל","instawall_kappa_70_50","50x70 ס""מ"
14,"size "," גודל","instawall_kappa_50_50","50x50 ס""מ"
14,"size "," גודל","blanke_a4","a4"
14,"size "," גודל","zipper_hoodie_a4","21x29.7 ס""מ [A4]"
14,"size "," גודל","zipper_hoodie_9x9","9x9 ס""מ"
14,"size "," גודל","neck_gaiter_9x9","9x9 ס""מ"
14,"size "," גודל","wool_cap_6x6","6 x 6 Cm"
14,"size "," גודל","stamp_round_41x41","41X41 מ""מ"
14,"size "," גודל","stamp_round_51x51","51X51 מ""מ"
14,"size "," גודל","stamp_round_20x20","20X20 מ""מ"
14,"size "," גודל","stamp_round_12x12","12X12 מ""מ"
14,"size "," גודל","wireless_charging_stand_50x50","wireless charging stand 5X5 Cm"
14,"size "," גודל","phone_and_tablet_stand_50x50","phone and tablet stand 5x5 Cm"
14,"size "," גודל","sticker_roll_cir_3x3","עיגול בקוטר 3 ס""מ"
14,"size "," גודל","sticker_roll_cir_5x5","עיגול בקוטר 5 ס""מ"
14,"size "," גודל","sticker_roll_cir_7x7","עיגול בקוטר 7 ס""מ"
14,"size "," גודל","sticker_roll_cir_8x8","עיגול בקוטר 8 ס""מ"
14,"size "," גודל","sticker_roll_cir_10x10","עיגול בקוטר 10 ס""מ"
14,"size "," גודל","sticker_roll_cir_15x15","עיגול בקוטר 15 ס""מ"
14,"size "," גודל","sticker_roll_squ_3x3","ריבוע 3x3 ס""מ"
14,"size "," גודל","sticker_roll_squ_5x5","ריבוע 5x5 ס""מ"
14,"size "," גודל","sticker_roll_squ_7x7","ריבוע 7x7 ס""מ"
14,"size "," גודל","sticker_roll_squ_8x8","ריבוע 8x8 ס""מ"
14,"size "," גודל","sticker_roll_squ_10x10","ריבוע 10x10 ס""מ"
14,"size "," גודל","sticker_roll_squ_15x15","ריבוע 15x15 ס""מ"
14,"size "," גודל","sticker_roll_ellipse_6x3","אליפסה 3x6 ס""מ"
14,"size "," גודל","sticker_roll_ellipse_8x4","אליפסה 4x8 ס""מ"
14,"size "," גודל","sticker_roll_ellipse_15x10","אליפסה 10x15 ס""מ"
14,"size "," גודל","sticker_roll_hexagon_5x5","משושה 5x5 ס""מ"
14,"size "," גודל","sticker_roll_hexagon_7x7","משושה 7x7 ס""מ"
14,"size "," גודל","sticker_roll_label_3x5","תגית 5x3 ס""מ"
14,"size "," גודל","sticker_roll_label_5x7","תגית 7x5 ס""מ"
14,"size "," גודל","sticker_circle_4","עיגול בקוטר 4 ס""מ"
14,"size "," גודל","sticker_circle_6","עיגול בקוטר 6 ס""מ"
14,"size "," גודל","sticker_circle_7","עיגול בקוטר 7 ס""מ"
14,"size "," גודל","sticker_circle_8","עיגול בקוטר 8 ס""מ"
14,"size "," גודל","sticker_circle_9","עיגול בקוטר 9 ס""מ"
14,"size "," גודל","sticker_circle_10","עיגול בקוטר 10 ס""מ"
14,"size "," גודל","sticker_circle_15","עיגול בקוטר 15 ס""מ"
14,"size "," גודל","sticker_square_3","ריבוע 3x3 ס""מ"
14,"size "," גודל","sticker_square_4","ריבוע 4x4 ס""מ"
14,"size "," גודל","sticker_square_6","ריבוע 6x6 ס""מ"
14,"size "," גודל","sticker_square_7","ריבוע 7x7 ס""מ"
14,"size "," גודל","sticker_square_8","ריבוע 8x8 ס""מ"
14,"size "," גודל","sticker_square_9","ריבוע 9x9 ס""מ"
14,"size "," גודל","sticker_square_10","ריבוע 10x10 ס""מ"
14,"size "," גודל","sticker_square_15","ריבוע 15x15 ס""מ"
14,"size "," גודל","sticker_ellipse_6x3","אליפסה 6x3 ס""מ"
14,"size "," גודל","sticker_ellipse_8x4","אליפסה 8x4 ס""מ"
14,"size "," גודל","sticker_hexagon_7x7","משושה 7x7 ס""מ"
14,"size "," גודל","sticker_star_7x7","כוכב שמש 7x7 ס""מ"
14,"size "," גודל","sticker_label_5x3","תגית 5x3 ס""מ"
14,"size "," גודל","magnet_7x7","7x7 ס""מ"
14,"size "," גודל","magnet_15x15","15x15 ס""מ"
14,"size "," גודל","magnet_20x9","20x9 ס""מ"
14,"size "," גודל","magnet_a4","29.7x21 ס""מ [A4]"
14,"size "," גודל","car_sticker_a4","21x29.7 ס""מ [A4]"
14,"size "," גודל","booklets_a5","14.8x21 ס""מ [A5]"
14,"size "," גודל","booklets_a4","29.7x21 ס""מ [A4]"
15,"product_color "," צבע מוצר","shirt_dark_blue","כחול כהה"
15,"product_color "," צבע מוצר","shirt_red","אדום"
15,"product_color "," צבע מוצר","towel_white","לבן"
15,"product_color "," צבע מוצר","towel_green","ירוק"
15,"product_color "," צבע מוצר","product_color_none","ללא"
15,"product_color "," צבע מוצר","pen_blue","כחול"
15,"product_color "," צבע מוצר","pen_red","אדום"
15,"product_color "," צבע מוצר","pen_green","ירוק"
15,"product_color "," צבע מוצר","pen_orange","כתום"
15,"product_color "," צבע מוצר","pen_pink","ורוד"
15,"product_color "," צבע מוצר","pen_purple","סגול"
15,"product_color "," צבע מוצר","pen_sky_blue","תכלת"
15,"product_color "," צבע מוצר","pen_lime","ירוק-ליים"
15,"product_color "," צבע מוצר","pen_yellow","צהוב"
15,"product_color "," צבע מוצר","shirt_black","שחור"
15,"product_color "," צבע מוצר","shirt_green","ירוק"
15,"product_color "," צבע מוצר","shirt_grey","אפור"
15,"product_color "," צבע מוצר","shirt_orange","כתום"
15,"product_color "," צבע מוצר","shirt_purple","סגול"
15,"product_color "," צבע מוצר","shirt_white","לבן"
15,"product_color "," צבע מוצר","shirt_yellow","צהוב"
15,"product_color "," צבע מוצר","pen_black","שחור"
15,"product_color "," צבע מוצר","pen_white","לבן"
15,"product_color "," צבע מוצר","candies_black","שחור"
15,"product_color "," צבע מוצר","candies_blue","כחול"
15,"product_color "," צבע מוצר","candies_orange","כתום"
15,"product_color "," צבע מוצר","candies_pink","ורוד"
15,"product_color "," צבע מוצר","candies_red","אדום"
15,"product_color "," צבע מוצר","candies_silver","כסוף"
15,"product_color "," צבע מוצר","candies_white","לבן"
15,"product_color "," צבע מוצר","towel_purple","סגול"
15,"product_color "," צבע מוצר","towel_orange","כתום"
15,"product_color "," צבע מוצר","towel_bordeaux","בורדו"
15,"product_color "," צבע מוצר","towel_blue","כחול"
15,"product_color "," צבע מוצר","towel_black","שחור"
15,"product_color "," צבע מוצר","towel_azure","טורקיז"
15,"product_color "," צבע מוצר","hat_black","שחור"
15,"product_color "," צבע מוצר","hat_white","לבן"
15,"product_color "," צבע מוצר","hat_red","אדום"
15,"product_color "," צבע מוצר","hat_blue","כחול"
15,"product_color "," צבע מוצר","hat_olive","ירוק זית"
15,"product_color "," צבע מוצר","work_pants_white","לבן"
15,"product_color "," צבע מוצר","work_pants_beige","בז'"
15,"product_color "," צבע מוצר","work_pants_blue","כחול"
15,"product_color "," צבע מוצר","work_pants_black","שחור"
15,"product_color "," צבע מוצר","sweatshirt_black","שחור"
15,"product_color "," צבע מוצר","sweatshirt_bordeaux","בורדו"
15,"product_color "," צבע מוצר","sweatshirt_dark_blue","כחול כהה"
15,"product_color "," צבע מוצר","sweatshirt_green","ירוק"
15,"product_color "," צבע מוצר","sweatshirt_orange","כתום"
15,"product_color "," צבע מוצר","sweatshirt_purple","סגול"
15,"product_color "," צבע מוצר","sweatshirt_red","אדום"
15,"product_color "," צבע מוצר","sweatshirt_turquoise","טורקיז"
15,"product_color "," צבע מוצר","sweatshirt_white","לבן"
15,"product_color "," צבע מוצר","dryfit_black","שחור"
15,"product_color "," צבע מוצר","dryfit_dark_blue","כחול כהה"
15,"product_color "," צבע מוצר","dryfit_green","ירוק"
15,"product_color "," צבע מוצר","dryfit_grey","אפור"
15,"product_color "," צבע מוצר","dryfit_pink","ורוד"
15,"product_color "," צבע מוצר","dryfit_red","אדום"
15,"product_color "," צבע מוצר","dryfit_sky_blue","תכלת"
15,"product_color "," צבע מוצר","dryfit_white","לבן"
15,"product_color "," צבע מוצר","dryfit_yellow","צהוב"
15,"product_color "," צבע מוצר","reusable_bag_black","שחור"
15,"product_color "," צבע מוצר","reusable_bag_blue","כחול"
15,"product_color "," צבע מוצר","reusable_bag_green","ירוק"
15,"product_color "," צבע מוצר","reusable_bag_orange","כתום"
15,"product_color "," צבע מוצר","reusable_bag_purple","סגול"
15,"product_color "," צבע מוצר","reusable_bag_red","אדום"
15,"product_color "," צבע מוצר","reusable_bag_white","לבן"
15,"product_color "," צבע מוצר","product_color_black","שחור"
15,"product_color "," צבע מוצר","product_color_white","לבן"
15,"product_color "," צבע מוצר","nylon_bag_azure","תכלת"
15,"product_color "," צבע מוצר","nylon_bag_dark_blue","כחול כהה"
15,"product_color "," צבע מוצר","mug_blue","כחול"
15,"product_color "," צבע מוצר","mug_green","ירוק"
15,"product_color "," צבע מוצר","headphones_blue","כחול"
15,"product_color "," צבע מוצר","work_tag_blue","כחול"
15,"product_color "," צבע מוצר","work_tag_green","ירוק"
15,"product_color "," צבע מוצר","work_tag_purple","סגול"
15,"product_color "," צבע מוצר","work_tag_red","אדום"
15,"product_color "," צבע מוצר","pocket_mirror_silver","כסוף"
15,"product_color "," צבע מוצר","backpack_blue","כחול"
15,"product_color "," צבע מוצר","backpack_green","ירוק"
15,"product_color "," צבע מוצר","backpack_orange","כתום"
15,"product_color "," צבע מוצר","notebook_hardcover_blue","כחול"
15,"product_color "," צבע מוצר","steel_bottle_blue","כחול"
15,"product_color "," צבע מוצר","steel_bottle_red","אדום"
15,"product_color "," צבע מוצר","plastic_bottle_red","אדום"
15,"product_color "," צבע מוצר","plastic_straw_cup_blue","כחול"
15,"product_color "," צבע מוצר","plastic_straw_cup_green","ירוק"
15,"product_color "," צבע מוצר","plastic_straw_cup_orange","כתום"
15,"product_color "," צבע מוצר","plastic_straw_cup_transparent","שקוף"
15,"product_color "," צבע מוצר","thermal_mug_blue","כחול"
15,"product_color "," צבע מוצר","passport_cover_silver","כסוף"
15,"product_color "," צבע מוצר","luggage_tag_blue","כחול"
15,"product_color "," צבע מוצר","metal_pen_dark_silver","כסוף כהה"
15,"product_color "," צבע מוצר","metal_pen_light_silver","כסוף בהיר"
15,"product_color "," צבע מוצר","metal_pen_gold","זהב"
15,"product_color "," צבע מוצר","metal_pen_blue","כחול"
15,"product_color "," צבע מוצר","decorated_pen_green","ירוק"
15,"product_color "," צבע מוצר","decorated_pen_blue","כחול"
15,"product_color "," צבע מוצר","decorated_pen_pink","ורוד"
15,"product_color "," צבע מוצר","decorated_pen_red","אדום"
15,"product_color "," צבע מוצר","decorated_pen_dark_green","ירוק כהה"
15,"product_color "," צבע מוצר","decorated_pen_bordeaux","בורדו"
15,"product_color "," צבע מוצר","decorated_pen_orange","כתום"
15,"product_color "," צבע מוצר","decorated_pen_purple","סגול"
15,"product_color "," צבע מוצר","decorated_pen_azure","תכלת"
15,"product_color "," צבע מוצר","decorated_pen_emerald","ירוק בהיר"
15,"product_color "," צבע מוצר","decorated_pen_light_orange","כתום בהיר"
15,"product_color "," צבע מוצר","decorated_pen_light_blue","כחול בהיר"
15,"product_color "," צבע מוצר","plastic_bottle_blue","כחול"
15,"product_color "," צבע מוצר","tank_shirt_white","לבן"
15,"product_color "," צבע מוצר","tank_shirt_grey","אפור"
15,"product_color "," צבע מוצר","tank_shirt_red","אדום"
15,"product_color "," צבע מוצר","tank_shirt_pink","ורוד"
15,"product_color "," צבע מוצר","tank_shirt_blue","כחול"
15,"product_color "," צבע מוצר","tank_shirt_bourdeaux","בורדו"
15,"product_color "," צבע מוצר","tank_shirt_green","ירוק"
15,"product_color "," צבע מוצר","tank_shirt_dark_green","ירוק כהה"
15,"product_color "," צבע מוצר","tank_shirt_black","שחור"
15,"product_color "," צבע מוצר","tank_shirt_light_blue","כחול בהיר"
15,"product_color "," צבע מוצר","tank_shirt_dark_blue","כחול כהה"
15,"product_color "," צבע מוצר","tank_shirt_dark_pink","ורוד כהה"
15,"product_color "," צבע מוצר","tank_shirt_yellow","צהוב"
15,"product_color "," צבע מוצר","beach_towel_orange","כתום"
15,"product_color "," צבע מוצר","beach_towel_blue","כחול"
15,"product_color "," צבע מוצר","beach_towel_green","ירוק"
15,"product_color "," צבע מוצר","led_desk_lamp_white","לבן"
15,"product_color "," צבע מוצר","frisbee_white","לבן"
15,"product_color "," צבע מוצר","frisbee_blue","כחול"
15,"product_color "," צבע מוצר","hand_fan_white","לבן"
15,"product_color "," צבע מוצר","neck_fan_white","לבן"
15,"product_color "," צבע מוצר","large_backpack_black","שחור"
15,"product_color "," צבע מוצר","large_backpack_blue","כחול"
15,"product_color "," צבע מוצר","large_backpack_dark_blue","כחול כהה"
15,"product_color "," צבע מוצר","neck_fan_blue","כחול"
15,"product_color "," צבע מוצר","neck_fan_red","אדום"
15,"product_color "," צבע מוצר","neck_fan_yellow","צהוב"
15,"product_color "," צבע מוצר","Matkot_blue","blue"
15,"product_color "," צבע מוצר","beach_tent_light_blue","כחול בהיר"
15,"product_color "," צבע מוצר","beach_tent_turquoise","טורקיז"
15,"product_color "," צבע מוצר","silicon_ring_bottle_blue","כחול"
15,"product_color "," צבע מוצר","silicon_ring_bottle_white","לבן"
15,"product_color "," צבע מוצר","silicon_ring_bottle_orange","כתום"
15,"product_color "," צבע מוצר","silicon_ring_bottle_green","ירוק"
15,"product_color "," צבע מוצר","plastic_bubble_cup_sky_blue","תכלת"
15,"product_color "," צבע מוצר","plastic_bubble_cup_pink","ורוד"
15,"product_color "," צבע מוצר","plastic_bubble_cup_orange","כתום"
15,"product_color "," צבע מוצר","cellphone_battery_blue","כחול"
15,"product_color "," צבע מוצר","cellphone_battery_silver","כסוף"
15,"product_color "," צבע מוצר","personal_cooler_blue","כחול"
15,"product_color "," צבע מוצר","personal_cooler_green","ירוק"
15,"product_color "," צבע מוצר","personal_cooler_orange","כתום"
15,"product_color "," צבע מוצר","bath_speaker_blue","כחול"
15,"product_color "," צבע מוצר","bath_speaker_white","לבן"
15,"product_color "," צבע מוצר","keychain_led_light_blue","כחול"
15,"product_color "," צבע מוצר","keychain_led_light_black","שחור"
15,"product_color "," צבע מוצר","memo_holder_blue","כחול"
15,"product_color "," צבע מוצר","memo_holder_black","שחור"
15,"product_color "," צבע מוצר","velvet_pen_blue","כחול"
15,"product_color "," צבע מוצר","velvet_pen_black","שחור"
15,"product_color "," צבע מוצר","velvet_pen_silver","כסוף"
15,"product_color "," צבע מוצר","velvet_pen_red","אדום"
15,"product_color "," צבע מוצר","velvet_pen_pink","ורוד"
15,"product_color "," צבע מוצר","velvet_pen_yellow","צהוב"
15,"product_color "," צבע מוצר","velvet_pen_purple","סגול"
15,"product_color "," צבע מוצר","velvet_pen_orange","כתום"
15,"product_color "," צבע מוצר","american_shirt_bourdeaux","בורדו"
15,"product_color "," צבע מוצר","american_shirt_light_blue","כחול בהיר"
15,"product_color "," צבע מוצר","american_shirt_blue","כחול"
15,"product_color "," צבע מוצר","american_shirt_red","אדום"
15,"product_color "," צבע מוצר","american_shirt_green","ירוק"
15,"product_color "," צבע מוצר","american_shirt_purple","סגול"
15,"product_color "," צבע מוצר","american_shirt_grey","אפור"
15,"product_color "," צבע מוצר","american_shirt_black","שחור"
15,"product_color "," צבע מוצר","american_shirt_dark_blue","כחול כהה"
15,"product_color "," צבע מוצר","polo_shirt_black","שחור"
15,"product_color "," צבע מוצר","polo_shirt_white","לבן"
15,"product_color "," צבע מוצר","kids_shirt_black","שחור"
15,"product_color "," צבע מוצר","kids_shirt_green","ירוק"
15,"product_color "," צבע מוצר","kids_shirt_blue","כחול"
15,"product_color "," צבע מוצר","kids_shirt_red","אדום"
15,"product_color "," צבע מוצר","kids_shirt_light_blue","כחול בהיר"
15,"product_color "," צבע מוצר","kids_shirt_dark_pink","ורוד כהה"
15,"product_color "," צבע מוצר","kids_shirt_pink","ורוד"
15,"product_color "," צבע מוצר","kids_shirt_white","לבן"
15,"product_color "," צבע מוצר","kids_shirt_purple","סגול"
15,"product_color "," צבע מוצר","baseball_cap_green","ירוק"
15,"product_color "," צבע מוצר","baseball_cap_black","שחור"
15,"product_color "," צבע מוצר","baseball_cap_blue","כחול"
15,"product_color "," צבע מוצר","baseball_cap_dark_blue","כחול כהה"
15,"product_color "," צבע מוצר","baseball_cap_purple","סגול"
15,"product_color "," צבע מוצר","baseball_cap_red","אדום"
15,"product_color "," צבע מוצר","baseball_cap_yellow","צהוב"
15,"product_color "," צבע מוצר","baseball_cap_white","לבן"
15,"product_color "," צבע מוצר","baseball_cap_orange","כתום"
15,"product_color "," צבע מוצר","trucker_cap_pink","ורוד"
15,"product_color "," צבע מוצר","trucker_cap_blue","כחול"
15,"product_color "," צבע מוצר","trucker_cap_yellow","צהוב"
15,"product_color "," צבע מוצר","trucker_cap_black","שחור"
15,"product_color "," צבע מוצר","trucker_cap_dark_blue","כחול כהה"
15,"product_color "," צבע מוצר","trucker_cap_red","אדום"
15,"product_color "," צבע מוצר","trucker_cap_purple","סגול"
15,"product_color "," צבע מוצר","trucker_cap_orange","כתום"
15,"product_color "," צבע מוצר","trucker_cap_radiance_green","ירוק זוהר"
15,"product_color "," צבע מוצר","trucker_cap_light_blue","כחול בהיר"
15,"product_color "," צבע מוצר","trucker_cap_white","לבן"
15,"product_color "," צבע מוצר","reflective_vest_yellow","צהוב"
15,"product_color "," צבע מוצר","reflective_vest_orange","כתום"
15,"product_color "," צבע מוצר","bucket_hat_beige","בז'"
15,"product_color "," צבע מוצר","bucket_hat_dark_blue","כחול כהה"
15,"product_color "," צבע מוצר","bucket_hat_olive_green","ירוק זית"
15,"product_color "," צבע מוצר","bucket_hat_red","אדום"
15,"product_color "," צבע מוצר","bucket_hat_black","שחור"
15,"product_color "," צבע מוצר","bucket_hat_white","לבן"
15,"product_color "," צבע מוצר","tank_shirt_gray","gray"
15,"product_color "," צבע מוצר","tank_shirt_purple","purple"
15,"product_color "," צבע מוצר","polo_shirt_blue","כחול"
15,"product_color "," צבע מוצר","bucket_hat_light_blue","כחול בהיר"
15,"product_color "," צבע מוצר","bucket_hat_green","ירוק"
15,"product_color "," צבע מוצר","kitchen_apron_black_and_white","פסים"
15,"product_color "," צבע מוצר","paper_bag_brown","חום"
15,"product_color "," צבע מוצר","car_sticker_a3_clear","שקוף"
15,"product_color "," צבע מוצר","velvet_pen_lime","ירוק-ליים"
15,"product_color "," צבע מוצר","metal_pen_bronze","Bronze"
15,"product_color "," צבע מוצר","silicon_ring_bottle_red","אדום"
15,"product_color "," צבע מוצר","silicon_ring_bottle_purple","סגול"
16,"spiral "," מיקום הספירלה","spiral_none","ללא"
16,"spiral "," מיקום הספירלה","notebook_spiral_right","צד ימין"
16,"spiral "," מיקום הספירלה","notebook_spiral_top","למעלה"
17,"perforation "," Perforation","perforation_yes","כן"
17,"perforation "," Perforation","perforation_no","לא"
17,"perforation "," Perforation","perforation_none","ללא"
18,"transparent_cover "," Transparent plastic cover","transparent_cover_yes","כן"
18,"transparent_cover "," Transparent plastic cover","transparent_cover_no","לא"
18,"transparent_cover "," Transparent plastic cover","transparent_cover_none","ללא"
19,"glue "," דבק","glue_yes","כן"
19,"glue "," דבק","glue_no","לא"
19,"glue "," דבק","glue_none","ללא"
20,"hanging_clip "," זוג מדבקות לתלייה","hanging_clip_yes","כן"
20,"hanging_clip "," זוג מדבקות לתלייה","hanging_clip_no","לא"
20,"hanging_clip "," זוג מדבקות לתלייה","hanging_clip_none","ללא"
21,"hanging_holes "," ארבעה חורי תלייה","hanging_holes_none","ללא"
21,"hanging_holes "," ארבעה חורי תלייה","hanging_holes_yes","כן"
21,"hanging_holes "," ארבעה חורי תלייה","hanging_holes_no","לא"
22,"screws "," ערכת תלייה","screws_none","ללא"
22,"screws "," ערכת תלייה","screws_yes","כן"
22,"screws "," ערכת תלייה","screws_no","לא"
23,"clothing_size "," מידה","clothing_size_none","ללא"
23,"clothing_size "," מידה","size_s","S"
23,"clothing_size "," מידה","size_m","M"
23,"clothing_size "," מידה","size_l","L"
23,"clothing_size "," מידה","size_xl","XL"
23,"clothing_size "," מידה","size_xxl","XXL"
23,"clothing_size "," מידה","size_xxxl","XXXL"
23,"clothing_size "," מידה","size_ee","EE"
23,"clothing_size "," מידה","size_2",2
23,"clothing_size "," מידה","size_4",4
23,"clothing_size "," מידה","size_6",6
23,"clothing_size "," מידה","size_8",8
23,"clothing_size "," מידה","size_10",10
23,"clothing_size "," מידה","size_12",12
23,"clothing_size "," מידה","size_14",14
23,"clothing_size "," מידה","size_16",16
23,"clothing_size "," מידה","kids_size","ילדים"
23,"clothing_size "," מידה","adults_size","מבוגרים"
25,"folder_flap "," כיס","folder_flap_none","ללא"
25,"folder_flap "," כיס","folder_flap_one_left","כיס אחד משמאל"
25,"folder_flap "," כיס","folder_flap_one_right","כיס אחד מימין"
25,"folder_flap "," כיס","folder_flap_two","שני כיסים"
26,"card_slit "," חריצה לכרטיס","card_slit_none","ללא"
26,"card_slit "," חריצה לכרטיס","card_slit_no","בלי חריצה"
26,"card_slit "," חריצה לכרטיס","card_slit_yes","עם חריצה"
27,"amount_in_block "," כמות בבלוק","amount_in_block_none","ללא"
27,"amount_in_block "," כמות בבלוק","amount_in_block_50",50
27,"amount_in_block "," כמות בבלוק","amount_in_block_100",100
27,"amount_in_block "," כמות בבלוק","amount_in_block_150",150
27,"amount_in_block "," כמות בבלוק","amount_in_block_25",25
28,"paper_inner_pages "," Paper inner pages","paper_inner_pages_none","No paper"
28,"paper_inner_pages "," Paper inner pages","paper_inner_pages_woodfree_80","נייר נטול עץ 80 גרם"
28,"paper_inner_pages "," Paper inner pages","paper_inner_pages_recycled_80","נייר ממוחזר 80 גרם"
28,"paper_inner_pages "," Paper inner pages","paper_inner_pages_chromo_matte_90","Chromo matte 90g"
28,"paper_inner_pages "," Paper inner pages","paper_inner_pages_chromo_glossy_90","Chromo glossy 90g"
28,"paper_inner_pages "," Paper inner pages","paper_inner_pages_chromo_matte_135","נייר כרומו מט 135 גרם"
28,"paper_inner_pages "," Paper inner pages","paper_inner_pages_chromo_glossy_135","נייר כרומו מבריק 135 גרם"
28,"paper_inner_pages "," Paper inner pages","paper_inner_pages_chromo_matte_170","נייר כרומו מט 170 גרם"
28,"paper_inner_pages "," Paper inner pages","paper_inner_pages_chromo_glossy_170","נייר כרומו מבריק 170 גרם"
28,"paper_inner_pages "," Paper inner pages","paper_inner_pages_chromo_matte_220","נייר כרומו מט 220 גרם"
28,"paper_inner_pages "," Paper inner pages","paper_inner_pages_chromo_glossy_220","נייר כרומו מבריק 220 גרם"
28,"paper_inner_pages "," Paper inner pages","paper_inner_pages_chromo_matte_300","נייר כרומו מט 300 גרם"
28,"paper_inner_pages "," Paper inner pages","paper_inner_pages_chromo_glossy_300","נייר כרומו מבריק 300 גרם"
30,"fix_it "," Fix It","fix_it_none","ללא"
30,"fix_it "," Fix It","fix_it_yes","כן"
30,"fix_it "," Fix It","fix_it_no","לא"
30,"fix_it "," Fix It","fix_it_dependency","Dependency"
31,"cup_lid "," מכסים","cup_lid_none","ללא"
31,"cup_lid "," מכסים","cup_lid_no","ללא"
31,"cup_lid "," מכסים","cup_lid_black","מכסה שחור"
31,"cup_lid "," מכסים","cup_lid_white","מכסה לבן"
31,"cup_lid "," מכסים","invite_envelope_no","ללא מעטפות"
31,"cup_lid "," מכסים","invite_envelope_yes","בתוספת מעטפות"
31,"cup_lid "," מכסים","bc_trio_blue","כחול"
31,"cup_lid "," מכסים","bc_trio_black","שחור"
31,"cup_lid "," מכסים","bc_trio_yellow","צהוב"
31,"cup_lid "," מכסים","bc_trio_red","אדום"
31,"cup_lid "," מכסים","bc_trio_orange","כתום"
31,"cup_lid "," מכסים","bc_trio_sky_blue","תכלת"
32,"scodix "," גימור מיוחד","scodix_none","ללא"
32,"scodix "," גימור מיוחד","scodix_gloss","הברקה"
32,"scodix "," גימור מיוחד","scodix_gold","זהב"
32,"scodix "," גימור מיוחד","scodix_silver","כסף"
32,"scodix "," גימור מיוחד","scodix_no","ללא"
33,"printed_side "," צידי הדפסה","printed_side_none","ללא"
33,"printed_side "," צידי הדפסה","printed_side_simplex","צד אחד"
33,"printed_side "," צידי הדפסה","printed_side_duplex","דו צדדי"
34,"bank "," בנק","bank_none","ללא"
34,"bank "," בנק","bank_leumi","לאומי"
34,"bank "," בנק","bank_hapoalim","הפועלים"
34,"bank "," בנק","bank_discount","דיסקונט"
34,"bank "," בנק","bank_mercantile","מרכנתיל"
34,"bank "," בנק","bank_igud","איגוד"
34,"bank "," בנק","bank_mizrachi","מזרחי"
36,"software "," תוכנה","software_none","ללא"
36,"software "," תוכנה","software_hashavshevet_windows_2","חשבשבת חלונות 2"
36,"software "," תוכנה","software_priority_eshbal","פריוריטי (אשבל) "
36,"software "," תוכנה","software_priority","פריוריטי"
36,"software "," תוכנה","software_sap","סאפ ביזנס וואן/מנהל"
36,"software "," תוכנה","software_hashavshevet","חשבשבע"
36,"software "," תוכנה","software_daarom","דערום (עדי)"
36,"software "," תוכנה","software_unkown","אחר / לא ידוע"
37,"warranty_check "," הגבלת סחירות","warranty_check_none","ללא"
37,"warranty_check "," הגבלת סחירות","warranty_check_without","ללא"
37,"warranty_check "," הגבלת סחירות","warranty_check_motav_bilvad","למוטב בלבד"
37,"warranty_check "," הגבלת סחירות","warranty_check_motav_bilvad_with_cross","למוטב בלבד עם קרוס"
37,"warranty_check "," הגבלת סחירות","warranty_check_cross","קרוס"
38,"check_copies "," העתקים","check_copies_none","ללא"
38,"check_copies "," העתקים","check_copies_original","מקור בלבד"
38,"check_copies "," העתקים","check_copies_original_and_copy","מקור + העתק"
38,"check_copies "," העתקים","check_copies_original_and_two_copies","מקור + 2 העתקים"
38,"check_copies "," העתקים","check_copies_original_and_copy_on_side","מקור + העתק בצד"
